ts,bid.curr.mth,target.7sec,baseline,R01_bid.curr.mth,R01_target.7sec
2015-06-01 11:29,77700,77900,77700,0,200
2015-06-01 11:29,77700,78000,77700,0,300
2015-06-01 11:29,77800,78000,77700,100,300
2015-06-01 11:29,77800,78000,77700,100,300
2015-06-01 11:29,77900,78000,77700,200,300
2015-06-01 11:29,77900,78000,77700,200,300
2015-06-01 11:29,77900,78000,77700,200,300
2015-06-01 11:29,77900,78100,77700,200,400
2015-06-01 11:29,78000,78100,77700,300,400
2015-06-01 11:29,78000,78100,77700,300,400
2015-06-01 11:29,78000,78100,77700,300,400
2015-06-01 11:29,78000,78100,77700,300,400
2015-06-01 11:29,78000,78200,77700,300,500
2015-06-01 11:29,78000,78200,77700,300,500
2015-06-01 11:29,78100,78300,77700,400,600
2015-06-01 11:29,78100,78300,77700,400,600
2015-06-01 11:29,78100,78300,77700,400,600
2015-06-01 11:29,78100,78400,77700,400,700
2015-06-01 11:29,78100,78400,77700,400,700
2015-06-01 11:29,78200,78500,77700,500,800
2015-06-01 11:29,78200,78500,77700,500,800
2015-06-01 11:29,78300,78500,77700,600,800
2015-06-01 11:29,78300,78600,77700,600,900
2015-06-01 11:29,78300,78600,77700,600,900
2015-06-01 11:29,78400,78600,77700,700,900
2015-06-01 11:29,78400,78700,77700,700,1000
2015-06-01 11:29,78500,78700,77700,800,1000
2015-06-01 11:29,78500,78700,77700,800,1000
2015-06-01 11:29,78500,78800,77700,800,1100
2015-06-01 11:29,78600,78900,77700,900,1200
2015-06-01 11:29,78600,79000,77700,900,1300
2015-06-01 11:29,78600,79000,77700,900,1300
2015-06-01 11:29,78700,79100,77700,1000,1400
2015-06-01 11:29,78700,79100,77700,1000,1400
2015-06-01 11:29,78700,79100,77700,1000,1400
2015-06-01 11:29,78800,79200,77700,1100,1500
2015-06-01 11:29,78900,79200,77700,1200,1500
2015-06-01 11:29,79000,79200,77700,1300,1500
2015-06-01 11:29,79000,79300,77700,1300,1600
2015-06-01 11:29,79100,79400,77700,1400,1700
2015-06-01 11:29,79100,79400,77700,1400,1700
2015-06-01 11:29,79100,79500,77700,1400,1800
2015-06-01 11:29,79200,79500,77700,1500,1800
2015-06-01 11:29,79200,79500,77700,1500,1800
2015-06-01 11:29,79200,79600,77700,1500,1900
2015-06-01 11:29,79300,79600,77700,1600,1900
2015-06-01 11:29,79400,79700,77700,1700,2000
2015-06-01 11:29,79400,79700,77700,1700,2000
2015-06-01 11:29,79500,79700,77700,1800,2000
2015-06-01 11:29,79500,79800,77700,1800,2100
2015-06-01 11:29,79500,79900,77700,1800,2200
2015-06-01 11:29,79600,79900,77700,1900,2200
2015-06-01 11:29,79600,79900,77700,1900,2200
2015-06-01 11:29,79700,80000,77700,2000,2300
2015-07-01 11:29,81400,81400,81400,0,0
2015-07-01 11:29,81400,81400,81400,0,0
2015-07-01 11:29,81400,81500,81400,0,100
2015-07-01 11:29,81400,81500,81400,0,100
2015-07-01 11:29,81400,81500,81400,0,100
2015-07-01 11:29,81400,81600,81400,0,200
2015-07-01 11:29,81400,81600,81400,0,200
2015-07-01 11:29,81400,81600,81400,0,200
2015-07-01 11:29,81400,81700,81400,0,300
2015-07-01 11:29,81500,81700,81400,100,300
2015-07-01 11:29,81500,81700,81400,100,300
2015-07-01 11:29,81500,81700,81400,100,300
2015-07-01 11:29,81600,81700,81400,200,300
2015-07-01 11:29,81600,81700,81400,200,300
2015-07-01 11:29,81600,81800,81400,200,400
2015-07-01 11:29,81700,81800,81400,300,400
2015-07-01 11:29,81700,81800,81400,300,400
2015-07-01 11:29,81700,81800,81400,300,400
2015-07-01 11:29,81700,81900,81400,300,500
2015-07-01 11:29,81700,81900,81400,300,500
2015-07-01 11:29,81700,82000,81400,300,600
2015-07-01 11:29,81800,82000,81400,400,600
2015-07-01 11:29,81800,82000,81400,400,600
2015-07-01 11:29,81800,82000,81400,400,600
2015-07-01 11:29,81800,82000,81400,400,600
2015-07-01 11:29,81900,82000,81400,500,600
2015-07-01 11:29,81900,82000,81400,500,600
2015-07-01 11:29,82000,82100,81400,600,700
2015-07-01 11:29,82000,82100,81400,600,700
2015-07-01 11:29,82000,82100,81400,600,700
2015-07-01 11:29,82000,82200,81400,600,800
2015-07-01 11:29,82000,82200,81400,600,800
2015-07-01 11:29,82000,82300,81400,600,900
2015-07-01 11:29,82000,82300,81400,600,900
2015-07-01 11:29,82100,82300,81400,700,900
2015-07-01 11:29,82100,82400,81400,700,1000
2015-07-01 11:29,82100,82400,81400,700,1000
2015-07-01 11:29,82200,82500,81400,800,1100
2015-07-01 11:29,82200,82500,81400,800,1100
2015-07-01 11:29,82300,82500,81400,900,1100
2015-07-01 11:29,82300,82600,81400,900,1200
2015-07-01 11:29,82300,82600,81400,900,1200
2015-07-01 11:29,82400,82600,81400,1000,1200
2015-07-01 11:29,82400,82700,81400,1000,1300
2015-07-01 11:29,82500,82800,81400,1100,1400
2015-07-01 11:29,82500,82800,81400,1100,1400
2015-07-01 11:29,82500,82800,81400,1100,1400
2015-07-01 11:29,82600,82900,81400,1200,1500
2015-07-01 11:29,82600,83000,81400,1200,1600
2015-07-01 11:29,82600,83000,81400,1200,1600
2015-07-01 11:29,82700,83000,81400,1300,1600
2015-07-01 11:29,82800,83000,81400,1400,1600
2015-07-01 11:29,82800,83100,81400,1400,1700
2015-07-01 11:29,82800,83100,81400,1400,1700
2015-08-01 11:29,81100,81100,81100,0,0
2015-08-01 11:29,81100,81100,81100,0,0
2015-08-01 11:29,81100,81100,81100,0,0
2015-08-01 11:29,81100,81100,81100,0,0
2015-08-01 11:29,81100,81200,81100,0,100
2015-08-01 11:29,81100,81200,81100,0,100
2015-08-01 11:29,81100,81200,81100,0,100
2015-08-01 11:29,81100,81300,81100,0,200
2015-08-01 11:29,81100,81300,81100,0,200
2015-08-01 11:29,81100,81300,81100,0,200
2015-08-01 11:29,81100,81400,81100,0,300
2015-08-01 11:29,81200,81400,81100,100,300
2015-08-01 11:29,81200,81400,81100,100,300
2015-08-01 11:29,81200,81400,81100,100,300
2015-08-01 11:29,81300,81400,81100,200,300
2015-08-01 11:29,81300,81400,81100,200,300
2015-08-01 11:29,81300,81400,81100,200,300
2015-08-01 11:29,81400,81400,81100,300,300
2015-08-01 11:29,81400,81400,81100,300,300
2015-08-01 11:29,81400,81400,81100,300,300
2015-08-01 11:29,81400,81400,81100,300,300
2015-08-01 11:29,81400,81500,81100,300,400
2015-08-01 11:29,81400,81500,81100,300,400
2015-08-01 11:29,81400,81500,81100,300,400
2015-08-01 11:29,81400,81500,81100,300,400
2015-08-01 11:29,81400,81600,81100,300,500
2015-08-01 11:29,81400,81600,81100,300,500
2015-08-01 11:29,81400,81600,81100,300,500
2015-08-01 11:29,81500,81700,81100,400,600
2015-08-01 11:29,81500,81700,81100,400,600
2015-08-01 11:29,81500,81700,81100,400,600
2015-08-01 11:29,81500,81700,81100,400,600
2015-08-01 11:29,81600,81800,81100,500,700
2015-08-01 11:29,81600,81800,81100,500,700
2015-08-01 11:29,81600,81800,81100,500,700
2015-08-01 11:29,81700,81800,81100,600,700
2015-08-01 11:29,81700,81900,81100,600,800
2015-08-01 11:29,81700,81900,81100,600,800
2015-08-01 11:29,81700,81900,81100,600,800
2015-08-01 11:29,81800,82000,81100,700,900
2015-08-01 11:29,81800,82000,81100,700,900
2015-08-01 11:29,81800,82000,81100,700,900
2015-08-01 11:29,81800,82000,81100,700,900
2015-08-01 11:29,81900,82100,81100,800,1000
2015-08-01 11:29,81900,82100,81100,800,1000
2015-08-01 11:29,81900,82200,81100,800,1100
2015-08-01 11:29,82000,82200,81100,900,1100
2015-08-01 11:29,82000,82300,81100,900,1200
2015-08-01 11:29,82000,82400,81100,900,1300
2015-08-01 11:29,82000,82500,81100,900,1400
2015-08-01 11:29,82100,82500,81100,1000,1400
2015-08-01 11:29,82100,82500,81100,1000,1400
2015-08-01 11:29,82200,82600,81100,1100,1500
2015-08-01 11:29,82200,82600,81100,1100,1500
2015-09-01 11:29,80800,81000,80800,0,200
2015-09-01 11:29,80800,81000,80800,0,200
2015-09-01 11:29,80800,81000,80800,0,200
2015-09-01 11:29,80900,81100,80800,100,300
2015-09-01 11:29,80900,81100,80800,100,300
2015-09-01 11:29,80900,81100,80800,100,300
2015-09-01 11:29,80900,81100,80800,100,300
2015-09-01 11:29,81000,81100,80800,200,300
2015-09-01 11:29,81000,81100,80800,200,300
2015-09-01 11:29,81000,81100,80800,200,300
2015-09-01 11:29,81100,81100,80800,300,300
2015-09-01 11:29,81100,81100,80800,300,300
2015-09-01 11:29,81100,81100,80800,300,300
2015-09-01 11:29,81100,81100,80800,300,300
2015-09-01 11:29,81100,81100,80800,300,300
2015-09-01 11:29,81100,81100,80800,300,300
2015-09-01 11:29,81100,81100,80800,300,300
2015-09-01 11:29,81100,81100,80800,300,300
2015-09-01 11:29,81100,81100,80800,300,300
2015-09-01 11:29,81100,81100,80800,300,300
2015-09-01 11:29,81100,81100,80800,300,300
2015-09-01 11:29,81100,81100,80800,300,300
2015-09-01 11:29,81100,81200,80800,300,400
2015-09-01 11:29,81100,81200,80800,300,400
2015-09-01 11:29,81100,81200,80800,300,400
2015-09-01 11:29,81100,81300,80800,300,500
2015-09-01 11:29,81100,81300,80800,300,500
2015-09-01 11:29,81100,81400,80800,300,600
2015-09-01 11:29,81100,81400,80800,300,600
2015-09-01 11:29,81200,81400,80800,400,600
2015-09-01 11:29,81200,81400,80800,400,600
2015-09-01 11:29,81200,81400,80800,400,600
2015-09-01 11:29,81300,81400,80800,500,600
2015-09-01 11:29,81300,81400,80800,500,600
2015-09-01 11:29,81400,81400,80800,600,600
2015-09-01 11:29,81400,81400,80800,600,600
2015-09-01 11:29,81400,81400,80800,600,600
2015-09-01 11:29,81400,81500,80800,600,700
2015-09-01 11:29,81400,81500,80800,600,700
2015-09-01 11:29,81400,81500,80800,600,700
2015-09-01 11:29,81400,81500,80800,600,700
2015-09-01 11:29,81400,81600,80800,600,800
2015-09-01 11:29,81400,81600,80800,600,800
2015-09-01 11:29,81400,81700,80800,600,900
2015-09-01 11:29,81500,81700,80800,700,900
2015-09-01 11:29,81500,81700,80800,700,900
2015-09-01 11:29,81500,81800,80800,700,1000
2015-09-01 11:29,81500,81800,80800,700,1000
2015-09-01 11:29,81600,81800,80800,800,1000
2015-09-01 11:29,81600,81900,80800,800,1100
2015-09-01 11:29,81700,82000,80800,900,1200
2015-09-01 11:29,81700,82000,80800,900,1200
2015-09-01 11:29,81700,82000,80800,900,1200
2015-09-01 11:29,81800,82100,80800,1000,1300
2015-10-01 11:29,83800,83800,83800,0,0
2015-10-01 11:29,83800,83800,83800,0,0
2015-10-01 11:29,83800,83900,83800,0,100
2015-10-01 11:29,83800,83900,83800,0,100
2015-10-01 11:29,83800,83900,83800,0,100
2015-10-01 11:29,83800,84000,83800,0,200
2015-10-01 11:29,83800,84000,83800,0,200
2015-10-01 11:29,83800,84000,83800,0,200
2015-10-01 11:29,83800,84000,83800,0,200
2015-10-01 11:29,83900,84000,83800,100,200
2015-10-01 11:29,83900,84100,83800,100,300
2015-10-01 11:29,83900,84100,83800,100,300
2015-10-01 11:29,84000,84100,83800,200,300
2015-10-01 11:29,84000,84100,83800,200,300
2015-10-01 11:29,84000,84100,83800,200,300
2015-10-01 11:29,84000,84100,83800,200,300
2015-10-01 11:29,84000,84100,83800,200,300
2015-10-01 11:29,84100,84100,83800,300,300
2015-10-01 11:29,84100,84100,83800,300,300
2015-10-01 11:29,84100,84100,83800,300,300
2015-10-01 11:29,84100,84100,83800,300,300
2015-10-01 11:29,84100,84100,83800,300,300
2015-10-01 11:29,84100,84100,83800,300,300
2015-10-01 11:29,84100,84200,83800,300,400
2015-10-01 11:29,84100,84200,83800,300,400
2015-10-01 11:29,84100,84200,83800,300,400
2015-10-01 11:29,84100,84300,83800,300,500
2015-10-01 11:29,84100,84300,83800,300,500
2015-10-01 11:29,84100,84300,83800,300,500
2015-10-01 11:29,84100,84400,83800,300,600
2015-10-01 11:29,84200,84400,83800,400,600
2015-10-01 11:29,84200,84400,83800,400,600
2015-10-01 11:29,84200,84400,83800,400,600
2015-10-01 11:29,84300,84500,83800,500,700
2015-10-01 11:29,84300,84500,83800,500,700
2015-10-01 11:29,84300,84500,83800,500,700
2015-10-01 11:29,84400,84600,83800,600,800
2015-10-01 11:29,84400,84600,83800,600,800
2015-10-01 11:29,84400,84600,83800,600,800
2015-10-01 11:29,84400,84700,83800,600,900
2015-10-01 11:29,84500,84700,83800,700,900
2015-10-01 11:29,84500,84800,83800,700,1000
2015-10-01 11:29,84500,84800,83800,700,1000
2015-10-01 11:29,84600,84900,83800,800,1100
2015-10-01 11:29,84600,84900,83800,800,1100
2015-10-01 11:29,84600,85000,83800,800,1200
2015-10-01 11:29,84700,85000,83800,900,1200
2015-10-01 11:29,84700,85100,83800,900,1300
2015-10-01 11:29,84800,85200,83800,1000,1400
2015-10-01 11:29,84800,85200,83800,1000,1400
2015-10-01 11:29,84900,85300,83800,1100,1500
2015-10-01 11:29,84900,85300,83800,1100,1500
2015-10-01 11:29,85000,85300,83800,1200,1500
2015-10-01 11:29,85000,85300,83800,1200,1500
2015-11-01 11:29,83500,83500,83500,0,0
2015-11-01 11:29,83500,83500,83500,0,0
2015-11-01 11:29,83500,83500,83500,0,0
2015-11-01 11:29,83500,83500,83500,0,0
2015-11-01 11:29,83500,83600,83500,0,100
2015-11-01 11:29,83500,83600,83500,0,100
2015-11-01 11:29,83500,83600,83500,0,100
2015-11-01 11:29,83500,83600,83500,0,100
2015-11-01 11:29,83500,83600,83500,0,100
2015-11-01 11:29,83500,83600,83500,0,100
2015-11-01 11:29,83500,83600,83500,0,100
2015-11-01 11:29,83600,83700,83500,100,200
2015-11-01 11:29,83600,83700,83500,100,200
2015-11-01 11:29,83600,83800,83500,100,300
2015-11-01 11:29,83600,83800,83500,100,300
2015-11-01 11:29,83600,83800,83500,100,300
2015-11-01 11:29,83600,83800,83500,100,300
2015-11-01 11:29,83600,83800,83500,100,300
2015-11-01 11:29,83700,83800,83500,200,300
2015-11-01 11:29,83700,83800,83500,200,300
2015-11-01 11:29,83800,83800,83500,300,300
2015-11-01 11:29,83800,83800,83500,300,300
2015-11-01 11:29,83800,83800,83500,300,300
2015-11-01 11:29,83800,83800,83500,300,300
2015-11-01 11:29,83800,83800,83500,300,300
2015-11-01 11:29,83800,83800,83500,300,300
2015-11-01 11:29,83800,83800,83500,300,300
2015-11-01 11:29,83800,83800,83500,300,300
2015-11-01 11:29,83800,83800,83500,300,300
2015-11-01 11:29,83800,83900,83500,300,400
2015-11-01 11:29,83800,83900,83500,300,400
2015-11-01 11:29,83800,83900,83500,300,400
2015-11-01 11:29,83800,83900,83500,300,400
2015-11-01 11:29,83800,84000,83500,300,500
2015-11-01 11:29,83800,84000,83500,300,500
2015-11-01 11:29,83800,84000,83500,300,500
2015-11-01 11:29,83900,84100,83500,400,600
2015-11-01 11:29,83900,84100,83500,400,600
2015-11-01 11:29,83900,84100,83500,400,600
2015-11-01 11:29,83900,84100,83500,400,600
2015-11-01 11:29,84000,84100,83500,500,600
2015-11-01 11:29,84000,84100,83500,500,600
2015-11-01 11:29,84000,84100,83500,500,600
2015-11-01 11:29,84100,84100,83500,600,600
2015-11-01 11:29,84100,84200,83500,600,700
2015-11-01 11:29,84100,84200,83500,600,700
2015-11-01 11:29,84100,84300,83500,600,800
2015-11-01 11:29,84100,84300,83500,600,800
2015-11-01 11:29,84100,84300,83500,600,800
2015-11-01 11:29,84100,84400,83500,600,900
2015-11-01 11:29,84100,84500,83500,600,1000
2015-11-01 11:29,84200,84500,83500,700,1000
2015-11-01 11:29,84200,84600,83500,700,1100
2015-11-01 11:29,84300,84600,83500,800,1100
2015-12-01 11:29,83500,83500,83500,0,0
2015-12-01 11:29,83500,83500,83500,0,0
2015-12-01 11:29,83500,83500,83500,0,0
2015-12-01 11:29,83500,83500,83500,0,0
2015-12-01 11:29,83500,83500,83500,0,0
2015-12-01 11:29,83500,83500,83500,0,0
2015-12-01 11:29,83500,83500,83500,0,0
2015-12-01 11:29,83500,83500,83500,0,0
2015-12-01 11:29,83500,83500,83500,0,0
2015-12-01 11:29,83500,83600,83500,0,100
2015-12-01 11:29,83500,83600,83500,0,100
2015-12-01 11:29,83500,83600,83500,0,100
2015-12-01 11:29,83500,83600,83500,0,100
2015-12-01 11:29,83500,83600,83500,0,100
2015-12-01 11:29,83500,83600,83500,0,100
2015-12-01 11:29,83500,83600,83500,0,100
2015-12-01 11:29,83600,83600,83500,100,100
2015-12-01 11:29,83600,83700,83500,100,200
2015-12-01 11:29,83600,83700,83500,100,200
2015-12-01 11:29,83600,83700,83500,100,200
2015-12-01 11:29,83600,83800,83500,100,300
2015-12-01 11:29,83600,83800,83500,100,300
2015-12-01 11:29,83600,83800,83500,100,300
2015-12-01 11:29,83600,83800,83500,100,300
2015-12-01 11:29,83700,83800,83500,200,300
2015-12-01 11:29,83700,83800,83500,200,300
2015-12-01 11:29,83700,83800,83500,200,300
2015-12-01 11:29,83800,83800,83500,300,300
2015-12-01 11:29,83800,83800,83500,300,300
2015-12-01 11:29,83800,83800,83500,300,300
2015-12-01 11:29,83800,83800,83500,300,300
2015-12-01 11:29,83800,83800,83500,300,300
2015-12-01 11:29,83800,83800,83500,300,300
2015-12-01 11:29,83800,83800,83500,300,300
2015-12-01 11:29,83800,83800,83500,300,300
2015-12-01 11:29,83800,83800,83500,300,300
2015-12-01 11:29,83800,83900,83500,300,400
2015-12-01 11:29,83800,83900,83500,300,400
2015-12-01 11:29,83800,83900,83500,300,400
2015-12-01 11:29,83800,84000,83500,300,500
2015-12-01 11:29,83800,84000,83500,300,500
2015-12-01 11:29,83800,84000,83500,300,500
2015-12-01 11:29,83800,84100,83500,300,600
2015-12-01 11:29,83900,84100,83500,400,600
2015-12-01 11:29,83900,84100,83500,400,600
2015-12-01 11:29,83900,84100,83500,400,600
2015-12-01 11:29,84000,84100,83500,500,600
2015-12-01 11:29,84000,84200,83500,500,700
2015-12-01 11:29,84000,84200,83500,500,700
2015-12-01 11:29,84100,84200,83500,600,700
2015-12-01 11:29,84100,84300,83500,600,800
2015-12-01 11:29,84100,84400,83500,600,900
2015-12-01 11:29,84100,84400,83500,600,900
2015-12-01 11:29,84100,84500,83500,600,1000
2016-01-01 11:29,81500,81500,81500,0,0
2016-01-01 11:29,81500,81500,81500,0,0
2016-01-01 11:29,81500,81500,81500,0,0
2016-01-01 11:29,81500,81500,81500,0,0
2016-01-01 11:29,81500,81500,81500,0,0
2016-01-01 11:29,81500,81500,81500,0,0
2016-01-01 11:29,81500,81500,81500,0,0
2016-01-01 11:29,81500,81500,81500,0,0
2016-01-01 11:29,81500,81500,81500,0,0
2016-01-01 11:29,81500,81500,81500,0,0
2016-01-01 11:29,81500,81500,81500,0,0
2016-01-01 11:29,81500,81500,81500,0,0
2016-01-01 11:29,81500,81500,81500,0,0
2016-01-01 11:29,81500,81600,81500,0,100
2016-01-01 11:29,81500,81600,81500,0,100
2016-01-01 11:29,81500,81600,81500,0,100
2016-01-01 11:29,81500,81600,81500,0,100
2016-01-01 11:29,81500,81600,81500,0,100
2016-01-01 11:29,81500,81700,81500,0,200
2016-01-01 11:29,81500,81700,81500,0,200
2016-01-01 11:29,81600,81700,81500,100,200
2016-01-01 11:29,81600,81800,81500,100,300
2016-01-01 11:29,81600,81800,81500,100,300
2016-01-01 11:29,81600,81800,81500,100,300
2016-01-01 11:29,81600,81800,81500,100,300
2016-01-01 11:29,81700,81800,81500,200,300
2016-01-01 11:29,81700,81800,81500,200,300
2016-01-01 11:29,81700,81800,81500,200,300
2016-01-01 11:29,81800,81800,81500,300,300
2016-01-01 11:29,81800,81800,81500,300,300
2016-01-01 11:29,81800,81800,81500,300,300
2016-01-01 11:29,81800,81800,81500,300,300
2016-01-01 11:29,81800,81800,81500,300,300
2016-01-01 11:29,81800,81800,81500,300,300
2016-01-01 11:29,81800,81800,81500,300,300
2016-01-01 11:29,81800,81800,81500,300,300
2016-01-01 11:29,81800,81800,81500,300,300
2016-01-01 11:29,81800,81900,81500,300,400
2016-01-01 11:29,81800,81900,81500,300,400
2016-01-01 11:29,81800,81900,81500,300,400
2016-01-01 11:29,81800,82000,81500,300,500
2016-01-01 11:29,81800,82000,81500,300,500
2016-01-01 11:29,81800,82000,81500,300,500
2016-01-01 11:29,81800,82100,81500,300,600
2016-01-01 11:29,81900,82100,81500,400,600
2016-01-01 11:29,81900,82100,81500,400,600
2016-01-01 11:29,81900,82100,81500,400,600
2016-01-01 11:29,82000,82200,81500,500,700
2016-01-01 11:29,82000,82200,81500,500,700
2016-01-01 11:29,82000,82200,81500,500,700
2016-01-01 11:29,82100,82200,81500,600,700
2016-01-01 11:29,82100,82200,81500,600,700
2016-01-01 11:29,82100,82200,81500,600,700
2016-01-01 11:29,82100,82200,81500,600,700
2016-02-01 11:29,81500,81600,81500,0,100
2016-02-01 11:29,81500,81600,81500,0,100
2016-02-01 11:29,81500,81600,81500,0,100
2016-02-01 11:29,81500,81700,81500,0,200
2016-02-01 11:29,81500,81700,81500,0,200
2016-02-01 11:29,81500,81800,81500,0,300
2016-02-01 11:29,81500,81800,81500,0,300
2016-02-01 11:29,81600,81800,81500,100,300
2016-02-01 11:29,81600,81800,81500,100,300
2016-02-01 11:29,81600,81800,81500,100,300
2016-02-01 11:29,81700,81800,81500,200,300
2016-02-01 11:29,81700,81800,81500,200,300
2016-02-01 11:29,81800,81800,81500,300,300
2016-02-01 11:29,81800,81800,81500,300,300
2016-02-01 11:29,81800,81800,81500,300,300
2016-02-01 11:29,81800,81800,81500,300,300
2016-02-01 11:29,81800,81800,81500,300,300
2016-02-01 11:29,81800,81800,81500,300,300
2016-02-01 11:29,81800,81800,81500,300,300
2016-02-01 11:29,81800,81800,81500,300,300
2016-02-01 11:29,81800,81800,81500,300,300
2016-02-01 11:29,81800,81800,81500,300,300
2016-02-01 11:29,81800,81800,81500,300,300
2016-02-01 11:29,81800,81800,81500,300,300
2016-02-01 11:29,81800,81900,81500,300,400
2016-02-01 11:29,81800,81900,81500,300,400
2016-02-01 11:29,81800,82000,81500,300,500
2016-02-01 11:29,81800,82000,81500,300,500
2016-02-01 11:29,81800,82100,81500,300,600
2016-02-01 11:29,81800,82100,81500,300,600
2016-02-01 11:29,81800,82100,81500,300,600
2016-02-01 11:29,81900,82100,81500,400,600
2016-02-01 11:29,81900,82100,81500,400,600
2016-02-01 11:29,82000,82200,81500,500,700
2016-02-01 11:29,82000,82200,81500,500,700
2016-02-01 11:29,82100,82300,81500,600,800
2016-02-01 11:29,82100,82300,81500,600,800
2016-02-01 11:29,82100,82400,81500,600,900
2016-02-01 11:29,82100,82400,81500,600,900
2016-02-01 11:29,82100,82500,81500,600,1000
2016-02-01 11:29,82200,82600,81500,700,1100
2016-02-01 11:29,82200,82600,81500,700,1100
2016-02-01 11:29,82300,82700,81500,800,1200
2016-02-01 11:29,82300,82700,81500,800,1200
2016-02-01 11:29,82400,82800,81500,900,1300
2016-02-01 11:29,82400,82900,81500,900,1400
2016-02-01 11:29,82500,83000,81500,1000,1500
2016-02-01 11:29,82600,83000,81500,1100,1500
2016-02-01 11:29,82600,83000,81500,1100,1500
2016-02-01 11:29,82700,83100,81500,1200,1600
2016-02-01 11:29,82700,83100,81500,1200,1600
2016-02-01 11:29,82800,83200,81500,1300,1700
2016-02-01 11:29,82900,83200,81500,1400,1700
2016-02-01 11:29,83000,83200,81500,1500,1700
2016-03-01 11:29,81500,81600,81500,0,100
2016-03-01 11:29,81500,81600,81500,0,100
2016-03-01 11:29,81500,81700,81500,0,200
2016-03-01 11:29,81500,81700,81500,0,200
2016-03-01 11:29,81500,81800,81500,0,300
2016-03-01 11:29,81500,81800,81500,0,300
2016-03-01 11:29,81600,81800,81500,100,300
2016-03-01 11:29,81600,81800,81500,100,300
2016-03-01 11:29,81600,81800,81500,100,300
2016-03-01 11:29,81700,81800,81500,200,300
2016-03-01 11:29,81700,81800,81500,200,300
2016-03-01 11:29,81800,81800,81500,300,300
2016-03-01 11:29,81800,81800,81500,300,300
2016-03-01 11:29,81800,81800,81500,300,300
2016-03-01 11:29,81800,81800,81500,300,300
2016-03-01 11:29,81800,81800,81500,300,300
2016-03-01 11:29,81800,81800,81500,300,300
2016-03-01 11:29,81800,81800,81500,300,300
2016-03-01 11:29,81800,81800,81500,300,300
2016-03-01 11:29,81800,81800,81500,300,300
2016-03-01 11:29,81800,81800,81500,300,300
2016-03-01 11:29,81800,81800,81500,300,300
2016-03-01 11:29,81800,81800,81500,300,300
2016-03-01 11:29,81800,81800,81500,300,300
2016-03-01 11:29,81800,81900,81500,300,400
2016-03-01 11:29,81800,81900,81500,300,400
2016-03-01 11:29,81800,82000,81500,300,500
2016-03-01 11:29,81800,82000,81500,300,500
2016-03-01 11:29,81800,82100,81500,300,600
2016-03-01 11:29,81800,82100,81500,300,600
2016-03-01 11:29,81800,82100,81500,300,600
2016-03-01 11:29,81900,82100,81500,400,600
2016-03-01 11:29,81900,82100,81500,400,600
2016-03-01 11:29,82000,82100,81500,500,600
2016-03-01 11:29,82000,82100,81500,500,600
2016-03-01 11:29,82100,82200,81500,600,700
2016-03-01 11:29,82100,82200,81500,600,700
2016-03-01 11:29,82100,82200,81500,600,700
2016-03-01 11:29,82100,82300,81500,600,800
2016-03-01 11:29,82100,82400,81500,600,900
2016-03-01 11:29,82100,82400,81500,600,900
2016-03-01 11:29,82100,82500,81500,600,1000
2016-03-01 11:29,82200,82500,81500,700,1000
2016-03-01 11:29,82200,82600,81500,700,1100
2016-03-01 11:29,82200,82700,81500,700,1200
2016-03-01 11:29,82300,82800,81500,800,1300
2016-03-01 11:29,82400,82800,81500,900,1300
2016-03-01 11:29,82400,82900,81500,900,1400
2016-03-01 11:29,82500,83000,81500,1000,1500
2016-03-01 11:29,82500,83000,81500,1000,1500
2016-03-01 11:29,82600,83000,81500,1100,1500
2016-03-01 11:29,82700,83000,81500,1200,1500
2016-03-01 11:29,82800,83100,81500,1300,1600
2016-03-01 11:29,82800,83100,81500,1300,1600
2016-04-01 11:29,83700,83700,83700,0,0
2016-04-01 11:29,83700,83700,83700,0,0
2016-04-01 11:29,83700,83700,83700,0,0
2016-04-01 11:29,83700,83700,83700,0,0
2016-04-01 11:29,83700,83700,83700,0,0
2016-04-01 11:29,83700,83700,83700,0,0
2016-04-01 11:29,83700,83700,83700,0,0
2016-04-01 11:29,83700,83800,83700,0,100
2016-04-01 11:29,83700,83800,83700,0,100
2016-04-01 11:29,83700,83800,83700,0,100
2016-04-01 11:29,83700,83900,83700,0,200
2016-04-01 11:29,83700,83900,83700,0,200
2016-04-01 11:29,83700,83900,83700,0,200
2016-04-01 11:29,83700,83900,83700,0,200
2016-04-01 11:29,83800,84000,83700,100,300
2016-04-01 11:29,83800,84000,83700,100,300
2016-04-01 11:29,83800,84000,83700,100,300
2016-04-01 11:29,83900,84000,83700,200,300
2016-04-01 11:29,83900,84000,83700,200,300
2016-04-01 11:29,83900,84000,83700,200,300
2016-04-01 11:29,83900,84000,83700,200,300
2016-04-01 11:29,84000,84000,83700,300,300
2016-04-01 11:29,84000,84000,83700,300,300
2016-04-01 11:29,84000,84000,83700,300,300
2016-04-01 11:29,84000,84000,83700,300,300
2016-04-01 11:29,84000,84000,83700,300,300
2016-04-01 11:29,84000,84000,83700,300,300
2016-04-01 11:29,84000,84000,83700,300,300
2016-04-01 11:29,84000,84000,83700,300,300
2016-04-01 11:29,84000,84000,83700,300,300
2016-04-01 11:29,84000,84000,83700,300,300
2016-04-01 11:29,84000,84000,83700,300,300
2016-04-01 11:29,84000,84100,83700,300,400
2016-04-01 11:29,84000,84100,83700,300,400
2016-04-01 11:29,84000,84200,83700,300,500
2016-04-01 11:29,84000,84200,83700,300,500
2016-04-01 11:29,84000,84300,83700,300,600
2016-04-01 11:29,84000,84300,83700,300,600
2016-04-01 11:29,84000,84300,83700,300,600
2016-04-01 11:29,84100,84300,83700,400,600
2016-04-01 11:29,84100,84400,83700,400,700
2016-04-01 11:29,84200,84400,83700,500,700
2016-04-01 11:29,84200,84400,83700,500,700
2016-04-01 11:29,84300,84500,83700,600,800
2016-04-01 11:29,84300,84500,83700,600,800
2016-04-01 11:29,84300,84500,83700,600,800
2016-04-01 11:29,84300,84600,83700,600,900
2016-04-01 11:29,84400,84600,83700,700,900
2016-04-01 11:29,84400,84700,83700,700,1000
2016-04-01 11:29,84400,84800,83700,700,1100
2016-04-01 11:29,84500,84800,83700,800,1100
2016-04-01 11:29,84500,84900,83700,800,1200
2016-04-01 11:29,84500,85000,83700,800,1300
2016-04-01 11:29,84600,85100,83700,900,1400
2016-05-01 11:29,83700,83700,83700,0,0
2016-05-01 11:29,83700,83700,83700,0,0
2016-05-01 11:29,83700,83700,83700,0,0
2016-05-01 11:29,83700,83700,83700,0,0
2016-05-01 11:29,83700,83700,83700,0,0
2016-05-01 11:29,83700,83700,83700,0,0
2016-05-01 11:29,83700,83700,83700,0,0
2016-05-01 11:29,83700,83700,83700,0,0
2016-05-01 11:29,83700,83700,83700,0,0
2016-05-01 11:29,83700,83700,83700,0,0
2016-05-01 11:29,83700,83800,83700,0,100
2016-05-01 11:29,83700,83800,83700,0,100
2016-05-01 11:29,83700,83800,83700,0,100
2016-05-01 11:29,83700,83800,83700,0,100
2016-05-01 11:29,83700,83800,83700,0,100
2016-05-01 11:29,83700,83900,83700,0,200
2016-05-01 11:29,83700,83900,83700,0,200
2016-05-01 11:29,83800,83900,83700,100,200
2016-05-01 11:29,83800,84000,83700,100,300
2016-05-01 11:29,83800,84000,83700,100,300
2016-05-01 11:29,83800,84000,83700,100,300
2016-05-01 11:29,83800,84000,83700,100,300
2016-05-01 11:29,83900,84000,83700,200,300
2016-05-01 11:29,83900,84000,83700,200,300
2016-05-01 11:29,83900,84000,83700,200,300
2016-05-01 11:29,84000,84000,83700,300,300
2016-05-01 11:29,84000,84000,83700,300,300
2016-05-01 11:29,84000,84000,83700,300,300
2016-05-01 11:29,84000,84000,83700,300,300
2016-05-01 11:29,84000,84000,83700,300,300
2016-05-01 11:29,84000,84000,83700,300,300
2016-05-01 11:29,84000,84000,83700,300,300
2016-05-01 11:29,84000,84000,83700,300,300
2016-05-01 11:29,84000,84000,83700,300,300
2016-05-01 11:29,84000,84000,83700,300,300
2016-05-01 11:29,84000,84000,83700,300,300
2016-05-01 11:29,84000,84000,83700,300,300
2016-05-01 11:29,84000,84100,83700,300,400
2016-05-01 11:29,84000,84100,83700,300,400
2016-05-01 11:29,84000,84200,83700,300,500
2016-05-01 11:29,84000,84300,83700,300,600
2016-05-01 11:29,84000,84300,83700,300,600
2016-05-01 11:29,84000,84300,83700,300,600
2016-05-01 11:29,84000,84400,83700,300,700
2016-05-01 11:29,84100,84400,83700,400,700
2016-05-01 11:29,84100,84400,83700,400,700
2016-05-01 11:29,84200,84500,83700,500,800
2016-05-01 11:29,84300,84500,83700,600,800
2016-05-01 11:29,84300,84600,83700,600,900
2016-05-01 11:29,84300,84700,83700,600,1000
2016-05-01 11:29,84400,84800,83700,700,1100
2016-05-01 11:29,84400,84900,83700,700,1200
2016-05-01 11:29,84400,84900,83700,700,1200
2016-05-01 11:29,84500,85000,83700,800,1300
2016-06-01 11:29,83500,83600,83500,0,100
2016-06-01 11:29,83500,83600,83500,0,100
2016-06-01 11:29,83500,83700,83500,0,200
2016-06-01 11:29,83500,83700,83500,0,200
2016-06-01 11:29,83500,83700,83500,0,200
2016-06-01 11:29,83500,83700,83500,0,200
2016-06-01 11:29,83600,83700,83500,100,200
2016-06-01 11:29,83600,83700,83500,100,200
2016-06-01 11:29,83600,83700,83500,100,200
2016-06-01 11:29,83700,83700,83500,200,200
2016-06-01 11:29,83700,83700,83500,200,200
2016-06-01 11:29,83700,83700,83500,200,200
2016-06-01 11:29,83700,83700,83500,200,200
2016-06-01 11:29,83700,83700,83500,200,200
2016-06-01 11:29,83700,83800,83500,200,300
2016-06-01 11:29,83700,83800,83500,200,300
2016-06-01 11:29,83700,83800,83500,200,300
2016-06-01 11:29,83700,83800,83500,200,300
2016-06-01 11:29,83700,83800,83500,200,300
2016-06-01 11:29,83700,83800,83500,200,300
2016-06-01 11:29,83700,83800,83500,200,300
2016-06-01 11:29,83800,83800,83500,300,300
2016-06-01 11:29,83800,83800,83500,300,300
2016-06-01 11:29,83800,83800,83500,300,300
2016-06-01 11:29,83800,83800,83500,300,300
2016-06-01 11:29,83800,83800,83500,300,300
2016-06-01 11:29,83800,83800,83500,300,300
2016-06-01 11:29,83800,83900,83500,300,400
2016-06-01 11:29,83800,83900,83500,300,400
2016-06-01 11:29,83800,84000,83500,300,500
2016-06-01 11:29,83800,84000,83500,300,500
2016-06-01 11:29,83800,84000,83500,300,500
2016-06-01 11:29,83800,84000,83500,300,500
2016-06-01 11:29,83800,84000,83500,300,500
2016-06-01 11:29,83900,84000,83500,400,500
2016-06-01 11:29,83900,84000,83500,400,500
2016-06-01 11:29,84000,84100,83500,500,600
2016-06-01 11:29,84000,84100,83500,500,600
2016-06-01 11:29,84000,84100,83500,500,600
2016-06-01 11:29,84000,84100,83500,500,600
2016-06-01 11:29,84000,84100,83500,500,600
2016-06-01 11:29,84000,84100,83500,500,600
2016-06-01 11:29,84000,84100,83500,500,600
2016-06-01 11:29,84100,84100,83500,600,600
2016-06-01 11:29,84100,84100,83500,600,600
2016-06-01 11:29,84100,84100,83500,600,600
2016-06-01 11:29,84100,84200,83500,600,700
2016-06-01 11:29,84100,84200,83500,600,700
2016-06-01 11:29,84100,84200,83500,600,700
2016-06-01 11:29,84100,84300,83500,600,800
2016-06-01 11:29,84100,84300,83500,600,800
2016-06-01 11:29,84100,84300,83500,600,800
2016-06-01 11:29,84100,84300,83500,600,800
2016-06-01 11:29,84200,84400,83500,700,900
2016-07-01 11:29,85400,85400,85400,0,0
2016-07-01 11:29,85400,85400,85400,0,0
2016-07-01 11:29,85400,85500,85400,0,100
2016-07-01 11:29,85400,85500,85400,0,100
2016-07-01 11:29,85400,85600,85400,0,200
2016-07-01 11:29,85400,85700,85400,0,300
2016-07-01 11:29,85400,85700,85400,0,300
2016-07-01 11:29,85400,85700,85400,0,300
2016-07-01 11:29,85400,85700,85400,0,300
2016-07-01 11:29,85500,85700,85400,100,300
2016-07-01 11:29,85500,85700,85400,100,300
2016-07-01 11:29,85600,85700,85400,200,300
2016-07-01 11:29,85700,85700,85400,300,300
2016-07-01 11:29,85700,85700,85400,300,300
2016-07-01 11:29,85700,85700,85400,300,300
2016-07-01 11:29,85700,85700,85400,300,300
2016-07-01 11:29,85700,85700,85400,300,300
2016-07-01 11:29,85700,85700,85400,300,300
2016-07-01 11:29,85700,85700,85400,300,300
2016-07-01 11:29,85700,85700,85400,300,300
2016-07-01 11:29,85700,85700,85400,300,300
2016-07-01 11:29,85700,85700,85400,300,300
2016-07-01 11:29,85700,85700,85400,300,300
2016-07-01 11:29,85700,85700,85400,300,300
2016-07-01 11:29,85700,85700,85400,300,300
2016-07-01 11:29,85700,85800,85400,300,400
2016-07-01 11:29,85700,85800,85400,300,400
2016-07-01 11:29,85700,85800,85400,300,400
2016-07-01 11:29,85700,85900,85400,300,500
2016-07-01 11:29,85700,85900,85400,300,500
2016-07-01 11:29,85700,86000,85400,300,600
2016-07-01 11:29,85700,86000,85400,300,600
2016-07-01 11:29,85800,86000,85400,400,600
2016-07-01 11:29,85800,86100,85400,400,700
2016-07-01 11:29,85800,86100,85400,400,700
2016-07-01 11:29,85900,86200,85400,500,800
2016-07-01 11:29,85900,86300,85400,500,900
2016-07-01 11:29,86000,86300,85400,600,900
2016-07-01 11:29,86000,86300,85400,600,900
2016-07-01 11:29,86000,86400,85400,600,1000
2016-07-01 11:29,86100,86500,85400,700,1100
2016-07-01 11:29,86100,86500,85400,700,1100
2016-07-01 11:29,86200,86600,85400,800,1200
2016-07-01 11:29,86300,86600,85400,900,1200
2016-07-01 11:29,86300,86600,85400,900,1200
2016-07-01 11:29,86300,86700,85400,900,1300
2016-07-01 11:29,86400,86800,85400,1000,1400
2016-07-01 11:29,86500,86900,85400,1100,1500
2016-07-01 11:29,86500,86900,85400,1100,1500
2016-07-01 11:29,86600,87000,85400,1200,1600
2016-07-01 11:29,86600,87100,85400,1200,1700
2016-07-01 11:29,86600,87100,85400,1200,1700
2016-07-01 11:29,86700,87200,85400,1300,1800
2016-07-01 11:29,86800,87200,85400,1400,1800
2016-08-01 11:29,85400,85400,85400,0,0
2016-08-01 11:29,85400,85400,85400,0,0
2016-08-01 11:29,85400,85400,85400,0,0
2016-08-01 11:29,85400,85400,85400,0,0
2016-08-01 11:29,85400,85400,85400,0,0
2016-08-01 11:29,85400,85400,85400,0,0
2016-08-01 11:29,85400,85400,85400,0,0
2016-08-01 11:29,85400,85400,85400,0,0
2016-08-01 11:29,85400,85500,85400,0,100
2016-08-01 11:29,85400,85500,85400,0,100
2016-08-01 11:29,85400,85600,85400,0,200
2016-08-01 11:29,85400,85600,85400,0,200
2016-08-01 11:29,85400,85700,85400,0,300
2016-08-01 11:29,85400,85700,85400,0,300
2016-08-01 11:29,85400,85700,85400,0,300
2016-08-01 11:29,85500,85700,85400,100,300
2016-08-01 11:29,85500,85700,85400,100,300
2016-08-01 11:29,85600,85700,85400,200,300
2016-08-01 11:29,85600,85700,85400,200,300
2016-08-01 11:29,85700,85700,85400,300,300
2016-08-01 11:29,85700,85700,85400,300,300
2016-08-01 11:29,85700,85700,85400,300,300
2016-08-01 11:29,85700,85700,85400,300,300
2016-08-01 11:29,85700,85700,85400,300,300
2016-08-01 11:29,85700,85700,85400,300,300
2016-08-01 11:29,85700,85700,85400,300,300
2016-08-01 11:29,85700,85700,85400,300,300
2016-08-01 11:29,85700,85700,85400,300,300
2016-08-01 11:29,85700,85700,85400,300,300
2016-08-01 11:29,85700,85700,85400,300,300
2016-08-01 11:29,85700,85700,85400,300,300
2016-08-01 11:29,85700,85700,85400,300,300
2016-08-01 11:29,85700,85700,85400,300,300
2016-08-01 11:29,85700,85700,85400,300,300
2016-08-01 11:29,85700,85800,85400,300,400
2016-08-01 11:29,85700,85800,85400,300,400
2016-08-01 11:29,85700,85900,85400,300,500
2016-08-01 11:29,85700,86000,85400,300,600
2016-08-01 11:29,85700,86000,85400,300,600
2016-08-01 11:29,85700,86100,85400,300,700
2016-08-01 11:29,85700,86200,85400,300,800
2016-08-01 11:29,85800,86200,85400,400,800
2016-08-01 11:29,85800,86200,85400,400,800
2016-08-01 11:29,85900,86300,85400,500,900
2016-08-01 11:29,86000,86300,85400,600,900
2016-08-01 11:29,86000,86300,85400,600,900
2016-08-01 11:29,86100,86300,85400,700,900
2016-08-01 11:29,86200,86400,85400,800,1000
2016-08-01 11:29,86200,86400,85400,800,1000
2016-08-01 11:29,86200,86500,85400,800,1100
2016-08-01 11:29,86300,86600,85400,900,1200
2016-08-01 11:29,86300,86700,85400,900,1300
2016-08-01 11:29,86300,86800,85400,900,1400
2016-08-01 11:29,86300,86900,85400,900,1500
2016-09-01 11:29,85100,85200,85100,0,100
2016-09-01 11:29,85100,85200,85100,0,100
2016-09-01 11:29,85100,85300,85100,0,200
2016-09-01 11:29,85100,85300,85100,0,200
2016-09-01 11:29,85100,85400,85100,0,300
2016-09-01 11:29,85100,85400,85100,0,300
2016-09-01 11:29,85200,85400,85100,100,300
2016-09-01 11:29,85200,85400,85100,100,300
2016-09-01 11:29,85200,85400,85100,100,300
2016-09-01 11:29,85300,85400,85100,200,300
2016-09-01 11:29,85300,85400,85100,200,300
2016-09-01 11:29,85400,85400,85100,300,300
2016-09-01 11:29,85400,85400,85100,300,300
2016-09-01 11:29,85400,85400,85100,300,300
2016-09-01 11:29,85400,85400,85100,300,300
2016-09-01 11:29,85400,85400,85100,300,300
2016-09-01 11:29,85400,85400,85100,300,300
2016-09-01 11:29,85400,85400,85100,300,300
2016-09-01 11:29,85400,85400,85100,300,300
2016-09-01 11:29,85400,85400,85100,300,300
2016-09-01 11:29,85400,85400,85100,300,300
2016-09-01 11:29,85400,85400,85100,300,300
2016-09-01 11:29,85400,85400,85100,300,300
2016-09-01 11:29,85400,85400,85100,300,300
2016-09-01 11:29,85400,85400,85100,300,300
2016-09-01 11:29,85400,85400,85100,300,300
2016-09-01 11:29,85400,85400,85100,300,300
2016-09-01 11:29,85400,85400,85100,300,300
2016-09-01 11:29,85400,85400,85100,300,300
2016-09-01 11:29,85400,85400,85100,300,300
2016-09-01 11:29,85400,85400,85100,300,300
2016-09-01 11:29,85400,85400,85100,300,300
2016-09-01 11:29,85400,85400,85100,300,300
2016-09-01 11:29,85400,85400,85100,300,300
2016-09-01 11:29,85400,85400,85100,300,300
2016-09-01 11:29,85400,85400,85100,300,300
2016-09-01 11:29,85400,85400,85100,300,300
2016-09-01 11:29,85400,85500,85100,300,400
2016-09-01 11:29,85400,85600,85100,300,500
2016-09-01 11:29,85400,85700,85100,300,600
2016-09-01 11:29,85400,85700,85100,300,600
2016-09-01 11:29,85400,85900,85100,300,800
2016-09-01 11:29,85400,85900,85100,300,800
2016-09-01 11:29,85400,85900,85100,300,800
2016-09-01 11:29,85500,85900,85100,400,800
2016-09-01 11:29,85600,86000,85100,500,900
2016-09-01 11:29,85700,86000,85100,600,900
2016-09-01 11:29,85700,86000,85100,600,900
2016-09-01 11:29,85900,86000,85100,800,900
2016-09-01 11:29,85900,86100,85100,800,1000
2016-09-01 11:29,85900,86200,85100,800,1100
2016-09-01 11:29,85900,86200,85100,800,1100
2016-09-01 11:29,86000,86300,85100,900,1200
2016-09-01 11:29,86000,86500,85100,900,1400
2016-10-01 11:29,87200,87200,87200,0,0
2016-10-01 11:29,87200,87300,87200,0,100
2016-10-01 11:29,87200,87300,87200,0,100
2016-10-01 11:29,87200,87300,87200,0,100
2016-10-01 11:29,87200,87400,87200,0,200
2016-10-01 11:29,87200,87400,87200,0,200
2016-10-01 11:29,87200,87400,87200,0,200
2016-10-01 11:29,87200,87400,87200,0,200
2016-10-01 11:29,87300,87400,87200,100,200
2016-10-01 11:29,87300,87400,87200,100,200
2016-10-01 11:29,87300,87400,87200,100,200
2016-10-01 11:29,87400,87400,87200,200,200
2016-10-01 11:29,87400,87400,87200,200,200
2016-10-01 11:29,87400,87400,87200,200,200
2016-10-01 11:29,87400,87400,87200,200,200
2016-10-01 11:29,87400,87400,87200,200,200
2016-10-01 11:29,87400,87400,87200,200,200
2016-10-01 11:29,87400,87400,87200,200,200
2016-10-01 11:29,87400,87400,87200,200,200
2016-10-01 11:29,87400,87400,87200,200,200
2016-10-01 11:29,87400,87400,87200,200,200
2016-10-01 11:29,87400,87400,87200,200,200
2016-10-01 11:29,87400,87400,87200,200,200
2016-10-01 11:29,87400,87400,87200,200,200
2016-10-01 11:29,87400,87400,87200,200,200
2016-10-01 11:29,87400,87400,87200,200,200
2016-10-01 11:29,87400,87400,87200,200,200
2016-10-01 11:29,87400,87400,87200,200,200
2016-10-01 11:29,87400,87500,87200,200,300
2016-10-01 11:29,87400,87500,87200,200,300
2016-10-01 11:29,87400,87500,87200,200,300
2016-10-01 11:29,87400,87500,87200,200,300
2016-10-01 11:29,87400,87500,87200,200,300
2016-10-01 11:29,87400,87500,87200,200,300
2016-10-01 11:29,87400,87500,87200,200,300
2016-10-01 11:29,87500,87500,87200,300,300
2016-10-01 11:29,87500,87600,87200,300,400
2016-10-01 11:29,87500,87700,87200,300,500
2016-10-01 11:29,87500,87700,87200,300,500
2016-10-01 11:29,87500,87900,87200,300,700
2016-10-01 11:29,87500,87900,87200,300,700
2016-10-01 11:29,87500,88000,87200,300,800
2016-10-01 11:29,87500,88000,87200,300,800
2016-10-01 11:29,87600,88000,87200,400,800
2016-10-01 11:29,87700,88000,87200,500,800
2016-10-01 11:29,87700,88000,87200,500,800
2016-10-01 11:29,87900,88000,87200,700,800
2016-10-01 11:29,87900,88000,87200,700,800
2016-10-01 11:29,88000,88100,87200,800,900
2016-10-01 11:29,88000,88100,87200,800,900
2016-10-01 11:29,88000,88100,87200,800,900
2016-10-01 11:29,88000,88100,87200,800,900
2016-10-01 11:29,88000,88200,87200,800,1000
2016-10-01 11:29,88000,88300,87200,800,1100
2016-11-01 11:29,87300,87400,87300,0,100
2016-11-01 11:29,87400,87400,87300,100,100
2016-11-01 11:29,87400,87400,87300,100,100
2016-11-01 11:29,87400,87400,87300,100,100
2016-11-01 11:29,87400,87400,87300,100,100
2016-11-01 11:29,87400,87400,87300,100,100
2016-11-01 11:29,87400,87400,87300,100,100
2016-11-01 11:29,87400,87400,87300,100,100
2016-11-01 11:29,87400,87400,87300,100,100
2016-11-01 11:29,87400,87400,87300,100,100
2016-11-01 11:29,87400,87400,87300,100,100
2016-11-01 11:29,87400,87400,87300,100,100
2016-11-01 11:29,87400,87400,87300,100,100
2016-11-01 11:29,87400,87400,87300,100,100
2016-11-01 11:29,87400,87400,87300,100,100
2016-11-01 11:29,87400,87400,87300,100,100
2016-11-01 11:29,87400,87400,87300,100,100
2016-11-01 11:29,87400,87400,87300,100,100
2016-11-01 11:29,87400,87400,87300,100,100
2016-11-01 11:29,87400,87400,87300,100,100
2016-11-01 11:29,87400,87400,87300,100,100
2016-11-01 11:29,87400,87400,87300,100,100
2016-11-01 11:29,87400,87400,87300,100,100
2016-11-01 11:29,87400,87500,87300,100,200
2016-11-01 11:29,87400,87500,87300,100,200
2016-11-01 11:29,87400,87500,87300,100,200
2016-11-01 11:29,87400,87500,87300,100,200
2016-11-01 11:29,87400,87500,87300,100,200
2016-11-01 11:29,87400,87600,87300,100,300
2016-11-01 11:29,87400,87600,87300,100,300
2016-11-01 11:29,87500,87600,87300,200,300
2016-11-01 11:29,87500,87600,87300,200,300
2016-11-01 11:29,87500,87700,87300,200,400
2016-11-01 11:29,87500,87700,87300,200,400
2016-11-01 11:29,87500,87700,87300,200,400
2016-11-01 11:29,87600,87700,87300,300,400
2016-11-01 11:29,87600,87700,87300,300,400
2016-11-01 11:29,87600,87700,87300,300,400
2016-11-01 11:29,87600,87700,87300,300,400
2016-11-01 11:29,87700,87700,87300,400,400
2016-11-01 11:29,87700,87700,87300,400,400
2016-11-01 11:29,87700,87800,87300,400,500
2016-11-01 11:29,87700,87800,87300,400,500
2016-11-01 11:29,87700,88000,87300,400,700
2016-11-01 11:29,87700,88000,87300,400,700
2016-11-01 11:29,87700,88100,87300,400,800
2016-11-01 11:29,87700,88100,87300,400,800
2016-11-01 11:29,87700,88200,87300,400,900
2016-11-01 11:29,87800,88300,87300,500,1000
2016-11-01 11:29,87800,88400,87300,500,1100
2016-11-01 11:29,88000,88500,87300,700,1200
2016-11-01 11:29,88000,88500,87300,700,1200
2016-11-01 11:29,88100,88600,87300,800,1300
2016-11-01 11:29,88100,88600,87300,800,1300
2016-12-01 11:29,87100,87100,87100,0,0
2016-12-01 11:29,87100,87200,87100,0,100
2016-12-01 11:29,87100,87200,87100,0,100
2016-12-01 11:29,87100,87300,87100,0,200
2016-12-01 11:29,87100,87300,87100,0,200
2016-12-01 11:29,87100,87400,87100,0,300
2016-12-01 11:29,87100,87400,87100,0,300
2016-12-01 11:29,87100,87400,87100,0,300
2016-12-01 11:29,87200,87400,87100,100,300
2016-12-01 11:29,87200,87400,87100,100,300
2016-12-01 11:29,87300,87400,87100,200,300
2016-12-01 11:29,87300,87400,87100,200,300
2016-12-01 11:29,87400,87400,87100,300,300
2016-12-01 11:29,87400,87400,87100,300,300
2016-12-01 11:29,87400,87400,87100,300,300
2016-12-01 11:29,87400,87400,87100,300,300
2016-12-01 11:29,87400,87400,87100,300,300
2016-12-01 11:29,87400,87400,87100,300,300
2016-12-01 11:29,87400,87400,87100,300,300
2016-12-01 11:29,87400,87400,87100,300,300
2016-12-01 11:29,87400,87400,87100,300,300
2016-12-01 11:29,87400,87400,87100,300,300
2016-12-01 11:29,87400,87400,87100,300,300
2016-12-01 11:29,87400,87400,87100,300,300
2016-12-01 11:29,87400,87400,87100,300,300
2016-12-01 11:29,87400,87400,87100,300,300
2016-12-01 11:29,87400,87400,87100,300,300
2016-12-01 11:29,87400,87400,87100,300,300
2016-12-01 11:29,87400,87400,87100,300,300
2016-12-01 11:29,87400,87400,87100,300,300
2016-12-01 11:29,87400,87400,87100,300,300
2016-12-01 11:29,87400,87400,87100,300,300
2016-12-01 11:29,87400,87400,87100,300,300
2016-12-01 11:29,87400,87400,87100,300,300
2016-12-01 11:29,87400,87400,87100,300,300
2016-12-01 11:29,87400,87400,87100,300,300
2016-12-01 11:29,87400,87400,87100,300,300
2016-12-01 11:29,87400,87500,87100,300,400
2016-12-01 11:29,87400,87600,87100,300,500
2016-12-01 11:29,87400,87700,87100,300,600
2016-12-01 11:29,87400,87700,87100,300,600
2016-12-01 11:29,87400,87800,87100,300,700
2016-12-01 11:29,87400,87800,87100,300,700
2016-12-01 11:29,87400,87900,87100,300,800
2016-12-01 11:29,87500,87900,87100,400,800
2016-12-01 11:29,87600,87900,87100,500,800
2016-12-01 11:29,87700,87900,87100,600,800
2016-12-01 11:29,87700,88000,87100,600,900
2016-12-01 11:29,87800,88000,87100,700,900
2016-12-01 11:29,87800,88000,87100,700,900
2016-12-01 11:29,87900,88100,87100,800,1000
2016-12-01 11:29,87900,88100,87100,800,1000
2016-12-01 11:29,87900,88200,87100,800,1100
2016-12-01 11:29,87900,88300,87100,800,1200
2017-01-01 11:29,86300,86400,86300,0,100
2017-01-01 11:29,86300,86400,86300,0,100
2017-01-01 11:29,86300,86500,86300,0,200
2017-01-01 11:29,86300,86500,86300,0,200
2017-01-01 11:29,86300,86600,86300,0,300
2017-01-01 11:29,86300,86600,86300,0,300
2017-01-01 11:29,86400,86600,86300,100,300
2017-01-01 11:29,86400,86600,86300,100,300
2017-01-01 11:29,86400,86600,86300,100,300
2017-01-01 11:29,86500,86600,86300,200,300
2017-01-01 11:29,86500,86600,86300,200,300
2017-01-01 11:29,86600,86600,86300,300,300
2017-01-01 11:29,86600,86600,86300,300,300
2017-01-01 11:29,86600,86600,86300,300,300
2017-01-01 11:29,86600,86600,86300,300,300
2017-01-01 11:29,86600,86600,86300,300,300
2017-01-01 11:29,86600,86600,86300,300,300
2017-01-01 11:29,86600,86600,86300,300,300
2017-01-01 11:29,86600,86600,86300,300,300
2017-01-01 11:29,86600,86600,86300,300,300
2017-01-01 11:29,86600,86600,86300,300,300
2017-01-01 11:29,86600,86600,86300,300,300
2017-01-01 11:29,86600,86600,86300,300,300
2017-01-01 11:29,86600,86600,86300,300,300
2017-01-01 11:29,86600,86600,86300,300,300
2017-01-01 11:29,86600,86600,86300,300,300
2017-01-01 11:29,86600,86600,86300,300,300
2017-01-01 11:29,86600,86600,86300,300,300
2017-01-01 11:29,86600,86600,86300,300,300
2017-01-01 11:29,86600,86600,86300,300,300
2017-01-01 11:29,86600,86600,86300,300,300
2017-01-01 11:29,86600,86600,86300,300,300
2017-01-01 11:29,86600,86600,86300,300,300
2017-01-01 11:29,86600,86600,86300,300,300
2017-01-01 11:29,86600,86600,86300,300,300
2017-01-01 11:29,86600,86700,86300,300,400
2017-01-01 11:29,86600,86800,86300,300,500
2017-01-01 11:29,86600,86900,86300,300,600
2017-01-01 11:29,86600,86900,86300,300,600
2017-01-01 11:29,86600,86900,86300,300,600
2017-01-01 11:29,86600,87000,86300,300,700
2017-01-01 11:29,86600,87000,86300,300,700
2017-01-01 11:29,86700,87000,86300,400,700
2017-01-01 11:29,86800,87100,86300,500,800
2017-01-01 11:29,86900,87100,86300,600,800
2017-01-01 11:29,86900,87100,86300,600,800
2017-01-01 11:29,86900,87100,86300,600,800
2017-01-01 11:29,87000,87100,86300,700,800
2017-01-01 11:29,87000,87200,86300,700,900
2017-01-01 11:29,87000,87200,86300,700,900
2017-01-01 11:29,87100,87300,86300,800,1000
2017-01-01 11:29,87100,87400,86300,800,1100
2017-01-01 11:29,87100,87500,86300,800,1200
2017-01-01 11:29,87100,87600,86300,800,1300
2017-02-01 11:29,86600,86600,86600,0,0
2017-02-01 11:29,86600,86600,86600,0,0
2017-02-01 11:29,86600,86700,86600,0,100
2017-02-01 11:29,86600,86700,86600,0,100
2017-02-01 11:29,86600,86700,86600,0,100
2017-02-01 11:29,86600,86800,86600,0,200
2017-02-01 11:29,86600,86800,86600,0,200
2017-02-01 11:29,86600,86800,86600,0,200
2017-02-01 11:29,86600,86900,86600,0,300
2017-02-01 11:29,86700,86900,86600,100,300
2017-02-01 11:29,86700,86900,86600,100,300
2017-02-01 11:29,86700,86900,86600,100,300
2017-02-01 11:29,86800,86900,86600,200,300
2017-02-01 11:29,86800,86900,86600,200,300
2017-02-01 11:29,86800,86900,86600,200,300
2017-02-01 11:29,86900,86900,86600,300,300
2017-02-01 11:29,86900,86900,86600,300,300
2017-02-01 11:29,86900,86900,86600,300,300
2017-02-01 11:29,86900,86900,86600,300,300
2017-02-01 11:29,86900,86900,86600,300,300
2017-02-01 11:29,86900,86900,86600,300,300
2017-02-01 11:29,86900,86900,86600,300,300
2017-02-01 11:29,86900,86900,86600,300,300
2017-02-01 11:29,86900,86900,86600,300,300
2017-02-01 11:29,86900,86900,86600,300,300
2017-02-01 11:29,86900,86900,86600,300,300
2017-02-01 11:29,86900,86900,86600,300,300
2017-02-01 11:29,86900,86900,86600,300,300
2017-02-01 11:29,86900,86900,86600,300,300
2017-02-01 11:29,86900,86900,86600,300,300
2017-02-01 11:29,86900,86900,86600,300,300
2017-02-01 11:29,86900,87000,86600,300,400
2017-02-01 11:29,86900,87000,86600,300,400
2017-02-01 11:29,86900,87000,86600,300,400
2017-02-01 11:29,86900,87100,86600,300,500
2017-02-01 11:29,86900,87200,86600,300,600
2017-02-01 11:29,86900,87200,86600,300,600
2017-02-01 11:29,86900,87200,86600,300,600
2017-02-01 11:29,87000,87300,86600,400,700
2017-02-01 11:29,87000,87400,86600,400,800
2017-02-01 11:29,87000,87400,86600,400,800
2017-02-01 11:29,87100,87500,86600,500,900
2017-02-01 11:29,87200,87500,86600,600,900
2017-02-01 11:29,87200,87500,86600,600,900
2017-02-01 11:29,87200,87600,86600,600,1000
2017-02-01 11:29,87300,87600,86600,700,1000
2017-02-01 11:29,87400,87700,86600,800,1100
2017-02-01 11:29,87400,87800,86600,800,1200
2017-02-01 11:29,87500,87900,86600,900,1300
2017-02-01 11:29,87500,88000,86600,900,1400
2017-02-01 11:29,87500,88100,86600,900,1500
2017-02-01 11:29,87600,88100,86600,1000,1500
2017-02-01 11:29,87600,88200,86600,1000,1600
2017-02-01 11:29,87700,88200,86600,1100,1600
2017-03-01 11:29,86600,86600,86600,0,0
2017-03-01 11:29,86600,86600,86600,0,0
2017-03-01 11:29,86600,86600,86600,0,0
2017-03-01 11:29,86600,86600,86600,0,0
2017-03-01 11:29,86600,86600,86600,0,0
2017-03-01 11:29,86600,86600,86600,0,0
2017-03-01 11:29,86600,86600,86600,0,0
2017-03-01 11:29,86600,86600,86600,0,0
2017-03-01 11:29,86600,86600,86600,0,0
2017-03-01 11:29,86600,86600,86600,0,0
2017-03-01 11:29,86600,86600,86600,0,0
2017-03-01 11:29,86600,86700,86600,0,100
2017-03-01 11:29,86600,86700,86600,0,100
2017-03-01 11:29,86600,86700,86600,0,100
2017-03-01 11:29,86600,86800,86600,0,200
2017-03-01 11:29,86600,86800,86600,0,200
2017-03-01 11:29,86600,86800,86600,0,200
2017-03-01 11:29,86600,86900,86600,0,300
2017-03-01 11:29,86700,86900,86600,100,300
2017-03-01 11:29,86700,86900,86600,100,300
2017-03-01 11:29,86700,86900,86600,100,300
2017-03-01 11:29,86800,86900,86600,200,300
2017-03-01 11:29,86800,86900,86600,200,300
2017-03-01 11:29,86800,86900,86600,200,300
2017-03-01 11:29,86900,86900,86600,300,300
2017-03-01 11:29,86900,86900,86600,300,300
2017-03-01 11:29,86900,86900,86600,300,300
2017-03-01 11:29,86900,86900,86600,300,300
2017-03-01 11:29,86900,86900,86600,300,300
2017-03-01 11:29,86900,86900,86600,300,300
2017-03-01 11:29,86900,86900,86600,300,300
2017-03-01 11:29,86900,86900,86600,300,300
2017-03-01 11:29,86900,86900,86600,300,300
2017-03-01 11:29,86900,86900,86600,300,300
2017-03-01 11:29,86900,86900,86600,300,300
2017-03-01 11:29,86900,86900,86600,300,300
2017-03-01 11:29,86900,86900,86600,300,300
2017-03-01 11:29,86900,86900,86600,300,300
2017-03-01 11:29,86900,86900,86600,300,300
2017-03-01 11:29,86900,86900,86600,300,300
2017-03-01 11:29,86900,86900,86600,300,300
2017-03-01 11:29,86900,86900,86600,300,300
2017-03-01 11:29,86900,87000,86600,300,400
2017-03-01 11:29,86900,87100,86600,300,500
2017-03-01 11:29,86900,87200,86600,300,600
2017-03-01 11:29,86900,87200,86600,300,600
2017-03-01 11:29,86900,87300,86600,300,700
2017-03-01 11:29,86900,87400,86600,300,800
2017-03-01 11:29,86900,87500,86600,300,900
2017-03-01 11:29,87000,87600,86600,400,1000
2017-03-01 11:29,87100,87700,86600,500,1100
2017-03-01 11:29,87200,87700,86600,600,1100
2017-03-01 11:29,87200,87800,86600,600,1200
2017-03-01 11:29,87300,87800,86600,700,1200
2017-04-01 11:29,88500,88500,88500,0,0
2017-04-01 11:29,88500,88500,88500,0,0
2017-04-01 11:29,88500,88500,88500,0,0
2017-04-01 11:29,88500,88500,88500,0,0
2017-04-01 11:29,88500,88500,88500,0,0
2017-04-01 11:29,88500,88500,88500,0,0
2017-04-01 11:29,88500,88500,88500,0,0
2017-04-01 11:29,88500,88500,88500,0,0
2017-04-01 11:29,88500,88500,88500,0,0
2017-04-01 11:29,88500,88500,88500,0,0
2017-04-01 11:29,88500,88500,88500,0,0
2017-04-01 11:29,88500,88600,88500,0,100
2017-04-01 11:29,88500,88600,88500,0,100
2017-04-01 11:29,88500,88600,88500,0,100
2017-04-01 11:29,88500,88600,88500,0,100
2017-04-01 11:29,88500,88600,88500,0,100
2017-04-01 11:29,88500,88700,88500,0,200
2017-04-01 11:29,88500,88700,88500,0,200
2017-04-01 11:29,88600,88700,88500,100,200
2017-04-01 11:29,88600,88800,88500,100,300
2017-04-01 11:29,88600,88800,88500,100,300
2017-04-01 11:29,88600,88800,88500,100,300
2017-04-01 11:29,88600,88800,88500,100,300
2017-04-01 11:29,88700,88800,88500,200,300
2017-04-01 11:29,88700,88800,88500,200,300
2017-04-01 11:29,88700,88800,88500,200,300
2017-04-01 11:29,88800,88800,88500,300,300
2017-04-01 11:29,88800,88800,88500,300,300
2017-04-01 11:29,88800,88800,88500,300,300
2017-04-01 11:29,88800,88800,88500,300,300
2017-04-01 11:29,88800,88800,88500,300,300
2017-04-01 11:29,88800,88800,88500,300,300
2017-04-01 11:29,88800,88800,88500,300,300
2017-04-01 11:29,88800,88800,88500,300,300
2017-04-01 11:29,88800,88800,88500,300,300
2017-04-01 11:29,88800,88900,88500,300,400
2017-04-01 11:29,88800,88900,88500,300,400
2017-04-01 11:29,88800,89000,88500,300,500
2017-04-01 11:29,88800,89100,88500,300,600
2017-04-01 11:29,88800,89100,88500,300,600
2017-04-01 11:29,88800,89100,88500,300,600
2017-04-01 11:29,88800,89200,88500,300,700
2017-04-01 11:29,88900,89200,88500,400,700
2017-04-01 11:29,88900,89200,88500,400,700
2017-04-01 11:29,89000,89200,88500,500,700
2017-04-01 11:29,89100,89200,88500,600,700
2017-04-01 11:29,89100,89300,88500,600,800
2017-04-01 11:29,89100,89300,88500,600,800
2017-04-01 11:29,89200,89400,88500,700,900
2017-04-01 11:29,89200,89400,88500,700,900
2017-04-01 11:29,89200,89500,88500,700,1000
2017-04-01 11:29,89200,89500,88500,700,1000
2017-04-01 11:29,89200,89600,88500,700,1100
2017-04-01 11:29,89300,89800,88500,800,1300
2017-05-01 11:29,88500,88500,88500,0,0
2017-05-01 11:29,88500,88600,88500,0,100
2017-05-01 11:29,88500,88600,88500,0,100
2017-05-01 11:29,88500,88600,88500,0,100
2017-05-01 11:29,88500,88600,88500,0,100
2017-05-01 11:29,88500,88600,88500,0,100
2017-05-01 11:29,88500,88700,88500,0,200
2017-05-01 11:29,88500,88700,88500,0,200
2017-05-01 11:29,88600,88800,88500,100,300
2017-05-01 11:29,88600,88800,88500,100,300
2017-05-01 11:29,88600,88800,88500,100,300
2017-05-01 11:29,88600,88800,88500,100,300
2017-05-01 11:29,88600,88800,88500,100,300
2017-05-01 11:29,88700,88800,88500,200,300
2017-05-01 11:29,88700,88800,88500,200,300
2017-05-01 11:29,88800,88800,88500,300,300
2017-05-01 11:29,88800,88800,88500,300,300
2017-05-01 11:29,88800,88800,88500,300,300
2017-05-01 11:29,88800,88800,88500,300,300
2017-05-01 11:29,88800,88800,88500,300,300
2017-05-01 11:29,88800,88800,88500,300,300
2017-05-01 11:29,88800,88800,88500,300,300
2017-05-01 11:29,88800,88800,88500,300,300
2017-05-01 11:29,88800,88800,88500,300,300
2017-05-01 11:29,88800,88800,88500,300,300
2017-05-01 11:29,88800,88800,88500,300,300
2017-05-01 11:29,88800,88800,88500,300,300
2017-05-01 11:29,88800,88900,88500,300,400
2017-05-01 11:29,88800,88900,88500,300,400
2017-05-01 11:29,88800,88900,88500,300,400
2017-05-01 11:29,88800,89000,88500,300,500
2017-05-01 11:29,88800,89100,88500,300,600
2017-05-01 11:29,88800,89100,88500,300,600
2017-05-01 11:29,88800,89100,88500,300,600
2017-05-01 11:29,88900,89100,88500,400,600
2017-05-01 11:29,88900,89100,88500,400,600
2017-05-01 11:29,88900,89100,88500,400,600
2017-05-01 11:29,89000,89200,88500,500,700
2017-05-01 11:29,89100,89200,88500,600,700
2017-05-01 11:29,89100,89300,88500,600,800
2017-05-01 11:29,89100,89300,88500,600,800
2017-05-01 11:29,89100,89400,88500,600,900
2017-05-01 11:29,89100,89400,88500,600,900
2017-05-01 11:29,89100,89500,88500,600,1000
2017-05-01 11:29,89200,89500,88500,700,1000
2017-05-01 11:29,89200,89600,88500,700,1100
2017-05-01 11:29,89300,89600,88500,800,1100
2017-05-01 11:29,89300,89700,88500,800,1200
2017-05-01 11:29,89400,89800,88500,900,1300
2017-05-01 11:29,89400,89900,88500,900,1400
2017-05-01 11:29,89500,90000,88500,1000,1500
2017-05-01 11:29,89500,90100,88500,1000,1600
2017-05-01 11:29,89600,90100,88500,1100,1600
2017-05-01 11:29,89600,90100,88500,1100,1600
2017-06-01 11:29,88400,88500,88400,0,100
2017-06-01 11:29,88500,88500,88400,100,100
2017-06-01 11:29,88500,88500,88400,100,100
2017-06-01 11:29,88500,88500,88400,100,100
2017-06-01 11:29,88500,88500,88400,100,100
2017-06-01 11:29,88500,88500,88400,100,100
2017-06-01 11:29,88500,88500,88400,100,100
2017-06-01 11:29,88500,88500,88400,100,100
2017-06-01 11:29,88500,88500,88400,100,100
2017-06-01 11:29,88500,88500,88400,100,100
2017-06-01 11:29,88500,88500,88400,100,100
2017-06-01 11:29,88500,88500,88400,100,100
2017-06-01 11:29,88500,88600,88400,100,200
2017-06-01 11:29,88500,88600,88400,100,200
2017-06-01 11:29,88500,88600,88400,100,200
2017-06-01 11:29,88500,88600,88400,100,200
2017-06-01 11:29,88500,88600,88400,100,200
2017-06-01 11:29,88500,88600,88400,100,200
2017-06-01 11:29,88500,88700,88400,100,300
2017-06-01 11:29,88600,88700,88400,200,300
2017-06-01 11:29,88600,88700,88400,200,300
2017-06-01 11:29,88600,88700,88400,200,300
2017-06-01 11:29,88600,88700,88400,200,300
2017-06-01 11:29,88600,88800,88400,200,400
2017-06-01 11:29,88600,88800,88400,200,400
2017-06-01 11:29,88700,88800,88400,300,400
2017-06-01 11:29,88700,88800,88400,300,400
2017-06-01 11:29,88700,88800,88400,300,400
2017-06-01 11:29,88700,88800,88400,300,400
2017-06-01 11:29,88700,88800,88400,300,400
2017-06-01 11:29,88800,88800,88400,400,400
2017-06-01 11:29,88800,88800,88400,400,400
2017-06-01 11:29,88800,88800,88400,400,400
2017-06-01 11:29,88800,88800,88400,400,400
2017-06-01 11:29,88800,88900,88400,400,500
2017-06-01 11:29,88800,88900,88400,400,500
2017-06-01 11:29,88800,89000,88400,400,600
2017-06-01 11:29,88800,89000,88400,400,600
2017-06-01 11:29,88800,89100,88400,400,700
2017-06-01 11:29,88800,89100,88400,400,700
2017-06-01 11:29,88800,89100,88400,400,700
2017-06-01 11:29,88900,89100,88400,500,700
2017-06-01 11:29,88900,89100,88400,500,700
2017-06-01 11:29,89000,89100,88400,600,700
2017-06-01 11:29,89000,89100,88400,600,700
2017-06-01 11:29,89100,89100,88400,700,700
2017-06-01 11:29,89100,89200,88400,700,800
2017-06-01 11:29,89100,89200,88400,700,800
2017-06-01 11:29,89100,89200,88400,700,800
2017-06-01 11:29,89100,89200,88400,700,800
2017-06-01 11:29,89100,89300,88400,700,900
2017-06-01 11:29,89100,89300,88400,700,900
2017-06-01 11:29,89100,89300,88400,700,900
2017-06-01 11:29,89200,89400,88400,800,1000
