ts,R01_bid.curr.mth,R01_target.7sec
2015-06-01 11:29:00,77700,77900
2015-06-01 11:29:00,77700,78000
2015-06-01 11:29:00,77800,78000
2015-06-01 11:29:00,77800,78000
2015-06-01 11:29:00,77900,78000
2015-06-01 11:29:00,77900,78000
2015-06-01 11:29:00,77900,78000
2015-06-01 11:29:00,77900,78100
2015-06-01 11:29:00,78000,78100
2015-06-01 11:29:00,78000,78100
2015-06-01 11:29:00,78000,78100
2015-06-01 11:29:00,78000,78100
2015-06-01 11:29:00,78000,78200
2015-06-01 11:29:00,78000,78200
2015-06-01 11:29:00,78100,78300
2015-06-01 11:29:00,78100,78300
2015-06-01 11:29:00,78100,78300
2015-06-01 11:29:00,78100,78400
2015-06-01 11:29:00,78100,78400
2015-06-01 11:29:00,78200,78500
2015-06-01 11:29:00,78200,78500
2015-06-01 11:29:00,78300,78500
2015-06-01 11:29:00,78300,78600
2015-06-01 11:29:00,78300,78600
2015-06-01 11:29:00,78400,78600
2015-06-01 11:29:00,78400,78700
2015-06-01 11:29:00,78500,78700
2015-06-01 11:29:00,78500,78700
2015-06-01 11:29:00,78500,78800
2015-06-01 11:29:00,78600,78900
2015-06-01 11:29:00,78600,79000
2015-06-01 11:29:00,78600,79000
2015-06-01 11:29:00,78700,79100
2015-06-01 11:29:00,78700,79100
2015-06-01 11:29:00,78700,79100
2015-06-01 11:29:00,78800,79200
2015-06-01 11:29:00,78900,79200
2015-06-01 11:29:00,79000,79200
2015-06-01 11:29:00,79000,79300
2015-06-01 11:29:00,79100,79400
2015-06-01 11:29:00,79100,79400
2015-06-01 11:29:00,79100,79500
2015-06-01 11:29:00,79200,79500
2015-06-01 11:29:00,79200,79500
2015-06-01 11:29:00,79200,79600
2015-06-01 11:29:00,79300,79600
2015-06-01 11:29:00,79400,79700
2015-06-01 11:29:00,79400,79700
2015-06-01 11:29:00,79500,79700
2015-06-01 11:29:00,79500,79800
2015-06-01 11:29:00,79500,79900
2015-06-01 11:29:00,79600,79900
2015-06-01 11:29:00,79600,79900
2015-06-01 11:29:00,79700,80000
2015-07-01 11:29:00,81400,81400
2015-07-01 11:29:00,81400,81400
2015-07-01 11:29:00,81400,81500
2015-07-01 11:29:00,81400,81500
2015-07-01 11:29:00,81400,81500
2015-07-01 11:29:00,81400,81600
2015-07-01 11:29:00,81400,81600
2015-07-01 11:29:00,81400,81600
2015-07-01 11:29:00,81400,81700
2015-07-01 11:29:00,81500,81700
2015-07-01 11:29:00,81500,81700
2015-07-01 11:29:00,81500,81700
2015-07-01 11:29:00,81600,81700
2015-07-01 11:29:00,81600,81700
2015-07-01 11:29:00,81600,81800
2015-07-01 11:29:00,81700,81800
2015-07-01 11:29:00,81700,81800
2015-07-01 11:29:00,81700,81800
2015-07-01 11:29:00,81700,81900
2015-07-01 11:29:00,81700,81900
2015-07-01 11:29:00,81700,82000
2015-07-01 11:29:00,81800,82000
2015-07-01 11:29:00,81800,82000
2015-07-01 11:29:00,81800,82000
2015-07-01 11:29:00,81800,82000
2015-07-01 11:29:00,81900,82000
2015-07-01 11:29:00,81900,82000
2015-07-01 11:29:00,82000,82100
2015-07-01 11:29:00,82000,82100
2015-07-01 11:29:00,82000,82100
2015-07-01 11:29:00,82000,82200
2015-07-01 11:29:00,82000,82200
2015-07-01 11:29:00,82000,82300
2015-07-01 11:29:00,82000,82300
2015-07-01 11:29:00,82100,82300
2015-07-01 11:29:00,82100,82400
2015-07-01 11:29:00,82100,82400
2015-07-01 11:29:00,82200,82500
2015-07-01 11:29:00,82200,82500
2015-07-01 11:29:00,82300,82500
2015-07-01 11:29:00,82300,82600
2015-07-01 11:29:00,82300,82600
2015-07-01 11:29:00,82400,82600
2015-07-01 11:29:00,82400,82700
2015-07-01 11:29:00,82500,82800
2015-07-01 11:29:00,82500,82800
2015-07-01 11:29:00,82500,82800
2015-07-01 11:29:00,82600,82900
2015-07-01 11:29:00,82600,83000
2015-07-01 11:29:00,82600,83000
2015-07-01 11:29:00,82700,83000
2015-07-01 11:29:00,82800,83000
2015-07-01 11:29:00,82800,83100
2015-07-01 11:29:00,82800,83100
2015-08-01 11:29:00,81100,81100
2015-08-01 11:29:00,81100,81100
2015-08-01 11:29:00,81100,81100
2015-08-01 11:29:00,81100,81100
2015-08-01 11:29:00,81100,81200
2015-08-01 11:29:00,81100,81200
2015-08-01 11:29:00,81100,81200
2015-08-01 11:29:00,81100,81300
2015-08-01 11:29:00,81100,81300
2015-08-01 11:29:00,81100,81300
2015-08-01 11:29:00,81100,81400
2015-08-01 11:29:00,81200,81400
2015-08-01 11:29:00,81200,81400
2015-08-01 11:29:00,81200,81400
2015-08-01 11:29:00,81300,81400
2015-08-01 11:29:00,81300,81400
2015-08-01 11:29:00,81300,81400
2015-08-01 11:29:00,81400,81400
2015-08-01 11:29:00,81400,81400
2015-08-01 11:29:00,81400,81400
2015-08-01 11:29:00,81400,81400
2015-08-01 11:29:00,81400,81500
2015-08-01 11:29:00,81400,81500
2015-08-01 11:29:00,81400,81500
2015-08-01 11:29:00,81400,81500
2015-08-01 11:29:00,81400,81600
2015-08-01 11:29:00,81400,81600
2015-08-01 11:29:00,81400,81600
2015-08-01 11:29:00,81500,81700
2015-08-01 11:29:00,81500,81700
2015-08-01 11:29:00,81500,81700
2015-08-01 11:29:00,81500,81700
2015-08-01 11:29:00,81600,81800
2015-08-01 11:29:00,81600,81800
2015-08-01 11:29:00,81600,81800
2015-08-01 11:29:00,81700,81800
2015-08-01 11:29:00,81700,81900
2015-08-01 11:29:00,81700,81900
2015-08-01 11:29:00,81700,81900
2015-08-01 11:29:00,81800,82000
2015-08-01 11:29:00,81800,82000
2015-08-01 11:29:00,81800,82000
2015-08-01 11:29:00,81800,82000
2015-08-01 11:29:00,81900,82100
2015-08-01 11:29:00,81900,82100
2015-08-01 11:29:00,81900,82200
2015-08-01 11:29:00,82000,82200
2015-08-01 11:29:00,82000,82300
2015-08-01 11:29:00,82000,82400
2015-08-01 11:29:00,82000,82500
2015-08-01 11:29:00,82100,82500
2015-08-01 11:29:00,82100,82500
2015-08-01 11:29:00,82200,82600
2015-08-01 11:29:00,82200,82600
2015-09-01 11:29:00,80800,81000
2015-09-01 11:29:00,80800,81000
2015-09-01 11:29:00,80800,81000
2015-09-01 11:29:00,80900,81100
2015-09-01 11:29:00,80900,81100
2015-09-01 11:29:00,80900,81100
2015-09-01 11:29:00,80900,81100
2015-09-01 11:29:00,81000,81100
2015-09-01 11:29:00,81000,81100
2015-09-01 11:29:00,81000,81100
2015-09-01 11:29:00,81100,81100
2015-09-01 11:29:00,81100,81100
2015-09-01 11:29:00,81100,81100
2015-09-01 11:29:00,81100,81100
2015-09-01 11:29:00,81100,81100
2015-09-01 11:29:00,81100,81100
2015-09-01 11:29:00,81100,81100
2015-09-01 11:29:00,81100,81100
2015-09-01 11:29:00,81100,81100
2015-09-01 11:29:00,81100,81100
2015-09-01 11:29:00,81100,81100
2015-09-01 11:29:00,81100,81100
2015-09-01 11:29:00,81100,81200
2015-09-01 11:29:00,81100,81200
2015-09-01 11:29:00,81100,81200
2015-09-01 11:29:00,81100,81300
2015-09-01 11:29:00,81100,81300
2015-09-01 11:29:00,81100,81400
2015-09-01 11:29:00,81100,81400
2015-09-01 11:29:00,81200,81400
2015-09-01 11:29:00,81200,81400
2015-09-01 11:29:00,81200,81400
2015-09-01 11:29:00,81300,81400
2015-09-01 11:29:00,81300,81400
2015-09-01 11:29:00,81400,81400
2015-09-01 11:29:00,81400,81400
2015-09-01 11:29:00,81400,81400
2015-09-01 11:29:00,81400,81500
2015-09-01 11:29:00,81400,81500
2015-09-01 11:29:00,81400,81500
2015-09-01 11:29:00,81400,81500
2015-09-01 11:29:00,81400,81600
2015-09-01 11:29:00,81400,81600
2015-09-01 11:29:00,81400,81700
2015-09-01 11:29:00,81500,81700
2015-09-01 11:29:00,81500,81700
2015-09-01 11:29:00,81500,81800
2015-09-01 11:29:00,81500,81800
2015-09-01 11:29:00,81600,81800
2015-09-01 11:29:00,81600,81900
2015-09-01 11:29:00,81700,82000
2015-09-01 11:29:00,81700,82000
2015-09-01 11:29:00,81700,82000
2015-09-01 11:29:00,81800,82100
2015-10-01 11:29:00,83800,83800
2015-10-01 11:29:00,83800,83800
2015-10-01 11:29:00,83800,83900
2015-10-01 11:29:00,83800,83900
2015-10-01 11:29:00,83800,83900
2015-10-01 11:29:00,83800,84000
2015-10-01 11:29:00,83800,84000
2015-10-01 11:29:00,83800,84000
2015-10-01 11:29:00,83800,84000
2015-10-01 11:29:00,83900,84000
2015-10-01 11:29:00,83900,84100
2015-10-01 11:29:00,83900,84100
2015-10-01 11:29:00,84000,84100
2015-10-01 11:29:00,84000,84100
2015-10-01 11:29:00,84000,84100
2015-10-01 11:29:00,84000,84100
2015-10-01 11:29:00,84000,84100
2015-10-01 11:29:00,84100,84100
2015-10-01 11:29:00,84100,84100
2015-10-01 11:29:00,84100,84100
2015-10-01 11:29:00,84100,84100
2015-10-01 11:29:00,84100,84100
2015-10-01 11:29:00,84100,84100
2015-10-01 11:29:00,84100,84200
2015-10-01 11:29:00,84100,84200
2015-10-01 11:29:00,84100,84200
2015-10-01 11:29:00,84100,84300
2015-10-01 11:29:00,84100,84300
2015-10-01 11:29:00,84100,84300
2015-10-01 11:29:00,84100,84400
2015-10-01 11:29:00,84200,84400
2015-10-01 11:29:00,84200,84400
2015-10-01 11:29:00,84200,84400
2015-10-01 11:29:00,84300,84500
2015-10-01 11:29:00,84300,84500
2015-10-01 11:29:00,84300,84500
2015-10-01 11:29:00,84400,84600
2015-10-01 11:29:00,84400,84600
2015-10-01 11:29:00,84400,84600
2015-10-01 11:29:00,84400,84700
2015-10-01 11:29:00,84500,84700
2015-10-01 11:29:00,84500,84800
2015-10-01 11:29:00,84500,84800
2015-10-01 11:29:00,84600,84900
2015-10-01 11:29:00,84600,84900
2015-10-01 11:29:00,84600,85000
2015-10-01 11:29:00,84700,85000
2015-10-01 11:29:00,84700,85100
2015-10-01 11:29:00,84800,85200
2015-10-01 11:29:00,84800,85200
2015-10-01 11:29:00,84900,85300
2015-10-01 11:29:00,84900,85300
2015-10-01 11:29:00,85000,85300
2015-10-01 11:29:00,85000,85300
2015-11-01 11:29:00,83500,83500
2015-11-01 11:29:00,83500,83500
2015-11-01 11:29:00,83500,83500
2015-11-01 11:29:00,83500,83500
2015-11-01 11:29:00,83500,83600
2015-11-01 11:29:00,83500,83600
2015-11-01 11:29:00,83500,83600
2015-11-01 11:29:00,83500,83600
2015-11-01 11:29:00,83500,83600
2015-11-01 11:29:00,83500,83600
2015-11-01 11:29:00,83500,83600
2015-11-01 11:29:00,83600,83700
2015-11-01 11:29:00,83600,83700
2015-11-01 11:29:00,83600,83800
2015-11-01 11:29:00,83600,83800
2015-11-01 11:29:00,83600,83800
2015-11-01 11:29:00,83600,83800
2015-11-01 11:29:00,83600,83800
2015-11-01 11:29:00,83700,83800
2015-11-01 11:29:00,83700,83800
2015-11-01 11:29:00,83800,83800
2015-11-01 11:29:00,83800,83800
2015-11-01 11:29:00,83800,83800
2015-11-01 11:29:00,83800,83800
2015-11-01 11:29:00,83800,83800
2015-11-01 11:29:00,83800,83800
2015-11-01 11:29:00,83800,83800
2015-11-01 11:29:00,83800,83800
2015-11-01 11:29:00,83800,83800
2015-11-01 11:29:00,83800,83900
2015-11-01 11:29:00,83800,83900
2015-11-01 11:29:00,83800,83900
2015-11-01 11:29:00,83800,83900
2015-11-01 11:29:00,83800,84000
2015-11-01 11:29:00,83800,84000
2015-11-01 11:29:00,83800,84000
2015-11-01 11:29:00,83900,84100
2015-11-01 11:29:00,83900,84100
2015-11-01 11:29:00,83900,84100
2015-11-01 11:29:00,83900,84100
2015-11-01 11:29:00,84000,84100
2015-11-01 11:29:00,84000,84100
2015-11-01 11:29:00,84000,84100
2015-11-01 11:29:00,84100,84100
2015-11-01 11:29:00,84100,84200
2015-11-01 11:29:00,84100,84200
2015-11-01 11:29:00,84100,84300
2015-11-01 11:29:00,84100,84300
2015-11-01 11:29:00,84100,84300
2015-11-01 11:29:00,84100,84400
2015-11-01 11:29:00,84100,84500
2015-11-01 11:29:00,84200,84500
2015-11-01 11:29:00,84200,84600
2015-11-01 11:29:00,84300,84600
2015-12-01 11:29:00,83500,83500
2015-12-01 11:29:00,83500,83500
2015-12-01 11:29:00,83500,83500
2015-12-01 11:29:00,83500,83500
2015-12-01 11:29:00,83500,83500
2015-12-01 11:29:00,83500,83500
2015-12-01 11:29:00,83500,83500
2015-12-01 11:29:00,83500,83500
2015-12-01 11:29:00,83500,83500
2015-12-01 11:29:00,83500,83600
2015-12-01 11:29:00,83500,83600
2015-12-01 11:29:00,83500,83600
2015-12-01 11:29:00,83500,83600
2015-12-01 11:29:00,83500,83600
2015-12-01 11:29:00,83500,83600
2015-12-01 11:29:00,83500,83600
2015-12-01 11:29:00,83600,83600
2015-12-01 11:29:00,83600,83700
2015-12-01 11:29:00,83600,83700
2015-12-01 11:29:00,83600,83700
2015-12-01 11:29:00,83600,83800
2015-12-01 11:29:00,83600,83800
2015-12-01 11:29:00,83600,83800
2015-12-01 11:29:00,83600,83800
2015-12-01 11:29:00,83700,83800
2015-12-01 11:29:00,83700,83800
2015-12-01 11:29:00,83700,83800
2015-12-01 11:29:00,83800,83800
2015-12-01 11:29:00,83800,83800
2015-12-01 11:29:00,83800,83800
2015-12-01 11:29:00,83800,83800
2015-12-01 11:29:00,83800,83800
2015-12-01 11:29:00,83800,83800
2015-12-01 11:29:00,83800,83800
2015-12-01 11:29:00,83800,83800
2015-12-01 11:29:00,83800,83800
2015-12-01 11:29:00,83800,83900
2015-12-01 11:29:00,83800,83900
2015-12-01 11:29:00,83800,83900
2015-12-01 11:29:00,83800,84000
2015-12-01 11:29:00,83800,84000
2015-12-01 11:29:00,83800,84000
2015-12-01 11:29:00,83800,84100
2015-12-01 11:29:00,83900,84100
2015-12-01 11:29:00,83900,84100
2015-12-01 11:29:00,83900,84100
2015-12-01 11:29:00,84000,84100
2015-12-01 11:29:00,84000,84200
2015-12-01 11:29:00,84000,84200
2015-12-01 11:29:00,84100,84200
2015-12-01 11:29:00,84100,84300
2015-12-01 11:29:00,84100,84400
2015-12-01 11:29:00,84100,84400
2015-12-01 11:29:00,84100,84500
2016-01-01 11:29:00,81500,81500
2016-01-01 11:29:00,81500,81500
2016-01-01 11:29:00,81500,81500
2016-01-01 11:29:00,81500,81500
2016-01-01 11:29:00,81500,81500
2016-01-01 11:29:00,81500,81500
2016-01-01 11:29:00,81500,81500
2016-01-01 11:29:00,81500,81500
2016-01-01 11:29:00,81500,81500
2016-01-01 11:29:00,81500,81500
2016-01-01 11:29:00,81500,81500
2016-01-01 11:29:00,81500,81500
2016-01-01 11:29:00,81500,81500
2016-01-01 11:29:00,81500,81600
2016-01-01 11:29:00,81500,81600
2016-01-01 11:29:00,81500,81600
2016-01-01 11:29:00,81500,81600
2016-01-01 11:29:00,81500,81600
2016-01-01 11:29:00,81500,81700
2016-01-01 11:29:00,81500,81700
2016-01-01 11:29:00,81600,81700
2016-01-01 11:29:00,81600,81800
2016-01-01 11:29:00,81600,81800
2016-01-01 11:29:00,81600,81800
2016-01-01 11:29:00,81600,81800
2016-01-01 11:29:00,81700,81800
2016-01-01 11:29:00,81700,81800
2016-01-01 11:29:00,81700,81800
2016-01-01 11:29:00,81800,81800
2016-01-01 11:29:00,81800,81800
2016-01-01 11:29:00,81800,81800
2016-01-01 11:29:00,81800,81800
2016-01-01 11:29:00,81800,81800
2016-01-01 11:29:00,81800,81800
2016-01-01 11:29:00,81800,81800
2016-01-01 11:29:00,81800,81800
2016-01-01 11:29:00,81800,81800
2016-01-01 11:29:00,81800,81900
2016-01-01 11:29:00,81800,81900
2016-01-01 11:29:00,81800,81900
2016-01-01 11:29:00,81800,82000
2016-01-01 11:29:00,81800,82000
2016-01-01 11:29:00,81800,82000
2016-01-01 11:29:00,81800,82100
2016-01-01 11:29:00,81900,82100
2016-01-01 11:29:00,81900,82100
2016-01-01 11:29:00,81900,82100
2016-01-01 11:29:00,82000,82200
2016-01-01 11:29:00,82000,82200
2016-01-01 11:29:00,82000,82200
2016-01-01 11:29:00,82100,82200
2016-01-01 11:29:00,82100,82200
2016-01-01 11:29:00,82100,82200
2016-01-01 11:29:00,82100,82200
2016-02-01 11:29:00,81500,81600
2016-02-01 11:29:00,81500,81600
2016-02-01 11:29:00,81500,81600
2016-02-01 11:29:00,81500,81700
2016-02-01 11:29:00,81500,81700
2016-02-01 11:29:00,81500,81800
2016-02-01 11:29:00,81500,81800
2016-02-01 11:29:00,81600,81800
2016-02-01 11:29:00,81600,81800
2016-02-01 11:29:00,81600,81800
2016-02-01 11:29:00,81700,81800
2016-02-01 11:29:00,81700,81800
2016-02-01 11:29:00,81800,81800
2016-02-01 11:29:00,81800,81800
2016-02-01 11:29:00,81800,81800
2016-02-01 11:29:00,81800,81800
2016-02-01 11:29:00,81800,81800
2016-02-01 11:29:00,81800,81800
2016-02-01 11:29:00,81800,81800
2016-02-01 11:29:00,81800,81800
2016-02-01 11:29:00,81800,81800
2016-02-01 11:29:00,81800,81800
2016-02-01 11:29:00,81800,81800
2016-02-01 11:29:00,81800,81800
2016-02-01 11:29:00,81800,81900
2016-02-01 11:29:00,81800,81900
2016-02-01 11:29:00,81800,82000
2016-02-01 11:29:00,81800,82000
2016-02-01 11:29:00,81800,82100
2016-02-01 11:29:00,81800,82100
2016-02-01 11:29:00,81800,82100
2016-02-01 11:29:00,81900,82100
2016-02-01 11:29:00,81900,82100
2016-02-01 11:29:00,82000,82200
2016-02-01 11:29:00,82000,82200
2016-02-01 11:29:00,82100,82300
2016-02-01 11:29:00,82100,82300
2016-02-01 11:29:00,82100,82400
2016-02-01 11:29:00,82100,82400
2016-02-01 11:29:00,82100,82500
2016-02-01 11:29:00,82200,82600
2016-02-01 11:29:00,82200,82600
2016-02-01 11:29:00,82300,82700
2016-02-01 11:29:00,82300,82700
2016-02-01 11:29:00,82400,82800
2016-02-01 11:29:00,82400,82900
2016-02-01 11:29:00,82500,83000
2016-02-01 11:29:00,82600,83000
2016-02-01 11:29:00,82600,83000
2016-02-01 11:29:00,82700,83100
2016-02-01 11:29:00,82700,83100
2016-02-01 11:29:00,82800,83200
2016-02-01 11:29:00,82900,83200
2016-02-01 11:29:00,83000,83200
2016-03-01 11:29:00,81500,81600
2016-03-01 11:29:00,81500,81600
2016-03-01 11:29:00,81500,81700
2016-03-01 11:29:00,81500,81700
2016-03-01 11:29:00,81500,81800
2016-03-01 11:29:00,81500,81800
2016-03-01 11:29:00,81600,81800
2016-03-01 11:29:00,81600,81800
2016-03-01 11:29:00,81600,81800
2016-03-01 11:29:00,81700,81800
2016-03-01 11:29:00,81700,81800
2016-03-01 11:29:00,81800,81800
2016-03-01 11:29:00,81800,81800
2016-03-01 11:29:00,81800,81800
2016-03-01 11:29:00,81800,81800
2016-03-01 11:29:00,81800,81800
2016-03-01 11:29:00,81800,81800
2016-03-01 11:29:00,81800,81800
2016-03-01 11:29:00,81800,81800
2016-03-01 11:29:00,81800,81800
2016-03-01 11:29:00,81800,81800
2016-03-01 11:29:00,81800,81800
2016-03-01 11:29:00,81800,81800
2016-03-01 11:29:00,81800,81800
2016-03-01 11:29:00,81800,81900
2016-03-01 11:29:00,81800,81900
2016-03-01 11:29:00,81800,82000
2016-03-01 11:29:00,81800,82000
2016-03-01 11:29:00,81800,82100
2016-03-01 11:29:00,81800,82100
2016-03-01 11:29:00,81800,82100
2016-03-01 11:29:00,81900,82100
2016-03-01 11:29:00,81900,82100
2016-03-01 11:29:00,82000,82100
2016-03-01 11:29:00,82000,82100
2016-03-01 11:29:00,82100,82200
2016-03-01 11:29:00,82100,82200
2016-03-01 11:29:00,82100,82200
2016-03-01 11:29:00,82100,82300
2016-03-01 11:29:00,82100,82400
2016-03-01 11:29:00,82100,82400
2016-03-01 11:29:00,82100,82500
2016-03-01 11:29:00,82200,82500
2016-03-01 11:29:00,82200,82600
2016-03-01 11:29:00,82200,82700
2016-03-01 11:29:00,82300,82800
2016-03-01 11:29:00,82400,82800
2016-03-01 11:29:00,82400,82900
2016-03-01 11:29:00,82500,83000
2016-03-01 11:29:00,82500,83000
2016-03-01 11:29:00,82600,83000
2016-03-01 11:29:00,82700,83000
2016-03-01 11:29:00,82800,83100
2016-03-01 11:29:00,82800,83100
2016-04-01 11:29:00,83700,83700
2016-04-01 11:29:00,83700,83700
2016-04-01 11:29:00,83700,83700
2016-04-01 11:29:00,83700,83700
2016-04-01 11:29:00,83700,83700
2016-04-01 11:29:00,83700,83700
2016-04-01 11:29:00,83700,83700
2016-04-01 11:29:00,83700,83800
2016-04-01 11:29:00,83700,83800
2016-04-01 11:29:00,83700,83800
2016-04-01 11:29:00,83700,83900
2016-04-01 11:29:00,83700,83900
2016-04-01 11:29:00,83700,83900
2016-04-01 11:29:00,83700,83900
2016-04-01 11:29:00,83800,84000
2016-04-01 11:29:00,83800,84000
2016-04-01 11:29:00,83800,84000
2016-04-01 11:29:00,83900,84000
2016-04-01 11:29:00,83900,84000
2016-04-01 11:29:00,83900,84000
2016-04-01 11:29:00,83900,84000
2016-04-01 11:29:00,84000,84000
2016-04-01 11:29:00,84000,84000
2016-04-01 11:29:00,84000,84000
2016-04-01 11:29:00,84000,84000
2016-04-01 11:29:00,84000,84000
2016-04-01 11:29:00,84000,84000
2016-04-01 11:29:00,84000,84000
2016-04-01 11:29:00,84000,84000
2016-04-01 11:29:00,84000,84000
2016-04-01 11:29:00,84000,84000
2016-04-01 11:29:00,84000,84000
2016-04-01 11:29:00,84000,84100
2016-04-01 11:29:00,84000,84100
2016-04-01 11:29:00,84000,84200
2016-04-01 11:29:00,84000,84200
2016-04-01 11:29:00,84000,84300
2016-04-01 11:29:00,84000,84300
2016-04-01 11:29:00,84000,84300
2016-04-01 11:29:00,84100,84300
2016-04-01 11:29:00,84100,84400
2016-04-01 11:29:00,84200,84400
2016-04-01 11:29:00,84200,84400
2016-04-01 11:29:00,84300,84500
2016-04-01 11:29:00,84300,84500
2016-04-01 11:29:00,84300,84500
2016-04-01 11:29:00,84300,84600
2016-04-01 11:29:00,84400,84600
2016-04-01 11:29:00,84400,84700
2016-04-01 11:29:00,84400,84800
2016-04-01 11:29:00,84500,84800
2016-04-01 11:29:00,84500,84900
2016-04-01 11:29:00,84500,85000
2016-04-01 11:29:00,84600,85100
2016-05-01 11:29:00,83700,83700
2016-05-01 11:29:00,83700,83700
2016-05-01 11:29:00,83700,83700
2016-05-01 11:29:00,83700,83700
2016-05-01 11:29:00,83700,83700
2016-05-01 11:29:00,83700,83700
2016-05-01 11:29:00,83700,83700
2016-05-01 11:29:00,83700,83700
2016-05-01 11:29:00,83700,83700
2016-05-01 11:29:00,83700,83700
2016-05-01 11:29:00,83700,83800
2016-05-01 11:29:00,83700,83800
2016-05-01 11:29:00,83700,83800
2016-05-01 11:29:00,83700,83800
2016-05-01 11:29:00,83700,83800
2016-05-01 11:29:00,83700,83900
2016-05-01 11:29:00,83700,83900
2016-05-01 11:29:00,83800,83900
2016-05-01 11:29:00,83800,84000
2016-05-01 11:29:00,83800,84000
2016-05-01 11:29:00,83800,84000
2016-05-01 11:29:00,83800,84000
2016-05-01 11:29:00,83900,84000
2016-05-01 11:29:00,83900,84000
2016-05-01 11:29:00,83900,84000
2016-05-01 11:29:00,84000,84000
2016-05-01 11:29:00,84000,84000
2016-05-01 11:29:00,84000,84000
2016-05-01 11:29:00,84000,84000
2016-05-01 11:29:00,84000,84000
2016-05-01 11:29:00,84000,84000
2016-05-01 11:29:00,84000,84000
2016-05-01 11:29:00,84000,84000
2016-05-01 11:29:00,84000,84000
2016-05-01 11:29:00,84000,84000
2016-05-01 11:29:00,84000,84000
2016-05-01 11:29:00,84000,84000
2016-05-01 11:29:00,84000,84100
2016-05-01 11:29:00,84000,84100
2016-05-01 11:29:00,84000,84200
2016-05-01 11:29:00,84000,84300
2016-05-01 11:29:00,84000,84300
2016-05-01 11:29:00,84000,84300
2016-05-01 11:29:00,84000,84400
2016-05-01 11:29:00,84100,84400
2016-05-01 11:29:00,84100,84400
2016-05-01 11:29:00,84200,84500
2016-05-01 11:29:00,84300,84500
2016-05-01 11:29:00,84300,84600
2016-05-01 11:29:00,84300,84700
2016-05-01 11:29:00,84400,84800
2016-05-01 11:29:00,84400,84900
2016-05-01 11:29:00,84400,84900
2016-05-01 11:29:00,84500,85000
2016-06-01 11:29:00,83500,83600
2016-06-01 11:29:00,83500,83600
2016-06-01 11:29:00,83500,83700
2016-06-01 11:29:00,83500,83700
2016-06-01 11:29:00,83500,83700
2016-06-01 11:29:00,83500,83700
2016-06-01 11:29:00,83600,83700
2016-06-01 11:29:00,83600,83700
2016-06-01 11:29:00,83600,83700
2016-06-01 11:29:00,83700,83700
2016-06-01 11:29:00,83700,83700
2016-06-01 11:29:00,83700,83700
2016-06-01 11:29:00,83700,83700
2016-06-01 11:29:00,83700,83700
2016-06-01 11:29:00,83700,83800
2016-06-01 11:29:00,83700,83800
2016-06-01 11:29:00,83700,83800
2016-06-01 11:29:00,83700,83800
2016-06-01 11:29:00,83700,83800
2016-06-01 11:29:00,83700,83800
2016-06-01 11:29:00,83700,83800
2016-06-01 11:29:00,83800,83800
2016-06-01 11:29:00,83800,83800
2016-06-01 11:29:00,83800,83800
2016-06-01 11:29:00,83800,83800
2016-06-01 11:29:00,83800,83800
2016-06-01 11:29:00,83800,83800
2016-06-01 11:29:00,83800,83900
2016-06-01 11:29:00,83800,83900
2016-06-01 11:29:00,83800,84000
2016-06-01 11:29:00,83800,84000
2016-06-01 11:29:00,83800,84000
2016-06-01 11:29:00,83800,84000
2016-06-01 11:29:00,83800,84000
2016-06-01 11:29:00,83900,84000
2016-06-01 11:29:00,83900,84000
2016-06-01 11:29:00,84000,84100
2016-06-01 11:29:00,84000,84100
2016-06-01 11:29:00,84000,84100
2016-06-01 11:29:00,84000,84100
2016-06-01 11:29:00,84000,84100
2016-06-01 11:29:00,84000,84100
2016-06-01 11:29:00,84000,84100
2016-06-01 11:29:00,84100,84100
2016-06-01 11:29:00,84100,84100
2016-06-01 11:29:00,84100,84100
2016-06-01 11:29:00,84100,84200
2016-06-01 11:29:00,84100,84200
2016-06-01 11:29:00,84100,84200
2016-06-01 11:29:00,84100,84300
2016-06-01 11:29:00,84100,84300
2016-06-01 11:29:00,84100,84300
2016-06-01 11:29:00,84100,84300
2016-06-01 11:29:00,84200,84400
2016-07-01 11:29:00,85400,85400
2016-07-01 11:29:00,85400,85400
2016-07-01 11:29:00,85400,85500
2016-07-01 11:29:00,85400,85500
2016-07-01 11:29:00,85400,85600
2016-07-01 11:29:00,85400,85700
2016-07-01 11:29:00,85400,85700
2016-07-01 11:29:00,85400,85700
2016-07-01 11:29:00,85400,85700
2016-07-01 11:29:00,85500,85700
2016-07-01 11:29:00,85500,85700
2016-07-01 11:29:00,85600,85700
2016-07-01 11:29:00,85700,85700
2016-07-01 11:29:00,85700,85700
2016-07-01 11:29:00,85700,85700
2016-07-01 11:29:00,85700,85700
2016-07-01 11:29:00,85700,85700
2016-07-01 11:29:00,85700,85700
2016-07-01 11:29:00,85700,85700
2016-07-01 11:29:00,85700,85700
2016-07-01 11:29:00,85700,85700
2016-07-01 11:29:00,85700,85700
2016-07-01 11:29:00,85700,85700
2016-07-01 11:29:00,85700,85700
2016-07-01 11:29:00,85700,85700
2016-07-01 11:29:00,85700,85800
2016-07-01 11:29:00,85700,85800
2016-07-01 11:29:00,85700,85800
2016-07-01 11:29:00,85700,85900
2016-07-01 11:29:00,85700,85900
2016-07-01 11:29:00,85700,86000
2016-07-01 11:29:00,85700,86000
2016-07-01 11:29:00,85800,86000
2016-07-01 11:29:00,85800,86100
2016-07-01 11:29:00,85800,86100
2016-07-01 11:29:00,85900,86200
2016-07-01 11:29:00,85900,86300
2016-07-01 11:29:00,86000,86300
2016-07-01 11:29:00,86000,86300
2016-07-01 11:29:00,86000,86400
2016-07-01 11:29:00,86100,86500
2016-07-01 11:29:00,86100,86500
2016-07-01 11:29:00,86200,86600
2016-07-01 11:29:00,86300,86600
2016-07-01 11:29:00,86300,86600
2016-07-01 11:29:00,86300,86700
2016-07-01 11:29:00,86400,86800
2016-07-01 11:29:00,86500,86900
2016-07-01 11:29:00,86500,86900
2016-07-01 11:29:00,86600,87000
2016-07-01 11:29:00,86600,87100
2016-07-01 11:29:00,86600,87100
2016-07-01 11:29:00,86700,87200
2016-07-01 11:29:00,86800,87200
2016-08-01 11:29:00,85400,85400
2016-08-01 11:29:00,85400,85400
2016-08-01 11:29:00,85400,85400
2016-08-01 11:29:00,85400,85400
2016-08-01 11:29:00,85400,85400
2016-08-01 11:29:00,85400,85400
2016-08-01 11:29:00,85400,85400
2016-08-01 11:29:00,85400,85400
2016-08-01 11:29:00,85400,85500
2016-08-01 11:29:00,85400,85500
2016-08-01 11:29:00,85400,85600
2016-08-01 11:29:00,85400,85600
2016-08-01 11:29:00,85400,85700
2016-08-01 11:29:00,85400,85700
2016-08-01 11:29:00,85400,85700
2016-08-01 11:29:00,85500,85700
2016-08-01 11:29:00,85500,85700
2016-08-01 11:29:00,85600,85700
2016-08-01 11:29:00,85600,85700
2016-08-01 11:29:00,85700,85700
2016-08-01 11:29:00,85700,85700
2016-08-01 11:29:00,85700,85700
2016-08-01 11:29:00,85700,85700
2016-08-01 11:29:00,85700,85700
2016-08-01 11:29:00,85700,85700
2016-08-01 11:29:00,85700,85700
2016-08-01 11:29:00,85700,85700
2016-08-01 11:29:00,85700,85700
2016-08-01 11:29:00,85700,85700
2016-08-01 11:29:00,85700,85700
2016-08-01 11:29:00,85700,85700
2016-08-01 11:29:00,85700,85700
2016-08-01 11:29:00,85700,85700
2016-08-01 11:29:00,85700,85700
2016-08-01 11:29:00,85700,85800
2016-08-01 11:29:00,85700,85800
2016-08-01 11:29:00,85700,85900
2016-08-01 11:29:00,85700,86000
2016-08-01 11:29:00,85700,86000
2016-08-01 11:29:00,85700,86100
2016-08-01 11:29:00,85700,86200
2016-08-01 11:29:00,85800,86200
2016-08-01 11:29:00,85800,86200
2016-08-01 11:29:00,85900,86300
2016-08-01 11:29:00,86000,86300
2016-08-01 11:29:00,86000,86300
2016-08-01 11:29:00,86100,86300
2016-08-01 11:29:00,86200,86400
2016-08-01 11:29:00,86200,86400
2016-08-01 11:29:00,86200,86500
2016-08-01 11:29:00,86300,86600
2016-08-01 11:29:00,86300,86700
2016-08-01 11:29:00,86300,86800
2016-08-01 11:29:00,86300,86900
2016-09-01 11:29:00,85100,85200
2016-09-01 11:29:00,85100,85200
2016-09-01 11:29:00,85100,85300
2016-09-01 11:29:00,85100,85300
2016-09-01 11:29:00,85100,85400
2016-09-01 11:29:00,85100,85400
2016-09-01 11:29:00,85200,85400
2016-09-01 11:29:00,85200,85400
2016-09-01 11:29:00,85200,85400
2016-09-01 11:29:00,85300,85400
2016-09-01 11:29:00,85300,85400
2016-09-01 11:29:00,85400,85400
2016-09-01 11:29:00,85400,85400
2016-09-01 11:29:00,85400,85400
2016-09-01 11:29:00,85400,85400
2016-09-01 11:29:00,85400,85400
2016-09-01 11:29:00,85400,85400
2016-09-01 11:29:00,85400,85400
2016-09-01 11:29:00,85400,85400
2016-09-01 11:29:00,85400,85400
2016-09-01 11:29:00,85400,85400
2016-09-01 11:29:00,85400,85400
2016-09-01 11:29:00,85400,85400
2016-09-01 11:29:00,85400,85400
2016-09-01 11:29:00,85400,85400
2016-09-01 11:29:00,85400,85400
2016-09-01 11:29:00,85400,85400
2016-09-01 11:29:00,85400,85400
2016-09-01 11:29:00,85400,85400
2016-09-01 11:29:00,85400,85400
2016-09-01 11:29:00,85400,85400
2016-09-01 11:29:00,85400,85400
2016-09-01 11:29:00,85400,85400
2016-09-01 11:29:00,85400,85400
2016-09-01 11:29:00,85400,85400
2016-09-01 11:29:00,85400,85400
2016-09-01 11:29:00,85400,85400
2016-09-01 11:29:00,85400,85500
2016-09-01 11:29:00,85400,85600
2016-09-01 11:29:00,85400,85700
2016-09-01 11:29:00,85400,85700
2016-09-01 11:29:00,85400,85900
2016-09-01 11:29:00,85400,85900
2016-09-01 11:29:00,85400,85900
2016-09-01 11:29:00,85500,85900
2016-09-01 11:29:00,85600,86000
2016-09-01 11:29:00,85700,86000
2016-09-01 11:29:00,85700,86000
2016-09-01 11:29:00,85900,86000
2016-09-01 11:29:00,85900,86100
2016-09-01 11:29:00,85900,86200
2016-09-01 11:29:00,85900,86200
2016-09-01 11:29:00,86000,86300
2016-09-01 11:29:00,86000,86500
2016-10-01 11:29:00,87200,87200
2016-10-01 11:29:00,87200,87300
2016-10-01 11:29:00,87200,87300
2016-10-01 11:29:00,87200,87300
2016-10-01 11:29:00,87200,87400
2016-10-01 11:29:00,87200,87400
2016-10-01 11:29:00,87200,87400
2016-10-01 11:29:00,87200,87400
2016-10-01 11:29:00,87300,87400
2016-10-01 11:29:00,87300,87400
2016-10-01 11:29:00,87300,87400
2016-10-01 11:29:00,87400,87400
2016-10-01 11:29:00,87400,87400
2016-10-01 11:29:00,87400,87400
2016-10-01 11:29:00,87400,87400
2016-10-01 11:29:00,87400,87400
2016-10-01 11:29:00,87400,87400
2016-10-01 11:29:00,87400,87400
2016-10-01 11:29:00,87400,87400
2016-10-01 11:29:00,87400,87400
2016-10-01 11:29:00,87400,87400
2016-10-01 11:29:00,87400,87400
2016-10-01 11:29:00,87400,87400
2016-10-01 11:29:00,87400,87400
2016-10-01 11:29:00,87400,87400
2016-10-01 11:29:00,87400,87400
2016-10-01 11:29:00,87400,87400
2016-10-01 11:29:00,87400,87400
2016-10-01 11:29:00,87400,87500
2016-10-01 11:29:00,87400,87500
2016-10-01 11:29:00,87400,87500
2016-10-01 11:29:00,87400,87500
2016-10-01 11:29:00,87400,87500
2016-10-01 11:29:00,87400,87500
2016-10-01 11:29:00,87400,87500
2016-10-01 11:29:00,87500,87500
2016-10-01 11:29:00,87500,87600
2016-10-01 11:29:00,87500,87700
2016-10-01 11:29:00,87500,87700
2016-10-01 11:29:00,87500,87900
2016-10-01 11:29:00,87500,87900
2016-10-01 11:29:00,87500,88000
2016-10-01 11:29:00,87500,88000
2016-10-01 11:29:00,87600,88000
2016-10-01 11:29:00,87700,88000
2016-10-01 11:29:00,87700,88000
2016-10-01 11:29:00,87900,88000
2016-10-01 11:29:00,87900,88000
2016-10-01 11:29:00,88000,88100
2016-10-01 11:29:00,88000,88100
2016-10-01 11:29:00,88000,88100
2016-10-01 11:29:00,88000,88100
2016-10-01 11:29:00,88000,88200
2016-10-01 11:29:00,88000,88300
2016-11-01 11:29:00,87300,87400
2016-11-01 11:29:00,87400,87400
2016-11-01 11:29:00,87400,87400
2016-11-01 11:29:00,87400,87400
2016-11-01 11:29:00,87400,87400
2016-11-01 11:29:00,87400,87400
2016-11-01 11:29:00,87400,87400
2016-11-01 11:29:00,87400,87400
2016-11-01 11:29:00,87400,87400
2016-11-01 11:29:00,87400,87400
2016-11-01 11:29:00,87400,87400
2016-11-01 11:29:00,87400,87400
2016-11-01 11:29:00,87400,87400
2016-11-01 11:29:00,87400,87400
2016-11-01 11:29:00,87400,87400
2016-11-01 11:29:00,87400,87400
2016-11-01 11:29:00,87400,87400
2016-11-01 11:29:00,87400,87400
2016-11-01 11:29:00,87400,87400
2016-11-01 11:29:00,87400,87400
2016-11-01 11:29:00,87400,87400
2016-11-01 11:29:00,87400,87400
2016-11-01 11:29:00,87400,87400
2016-11-01 11:29:00,87400,87500
2016-11-01 11:29:00,87400,87500
2016-11-01 11:29:00,87400,87500
2016-11-01 11:29:00,87400,87500
2016-11-01 11:29:00,87400,87500
2016-11-01 11:29:00,87400,87600
2016-11-01 11:29:00,87400,87600
2016-11-01 11:29:00,87500,87600
2016-11-01 11:29:00,87500,87600
2016-11-01 11:29:00,87500,87700
2016-11-01 11:29:00,87500,87700
2016-11-01 11:29:00,87500,87700
2016-11-01 11:29:00,87600,87700
2016-11-01 11:29:00,87600,87700
2016-11-01 11:29:00,87600,87700
2016-11-01 11:29:00,87600,87700
2016-11-01 11:29:00,87700,87700
2016-11-01 11:29:00,87700,87700
2016-11-01 11:29:00,87700,87800
2016-11-01 11:29:00,87700,87800
2016-11-01 11:29:00,87700,88000
2016-11-01 11:29:00,87700,88000
2016-11-01 11:29:00,87700,88100
2016-11-01 11:29:00,87700,88100
2016-11-01 11:29:00,87700,88200
2016-11-01 11:29:00,87800,88300
2016-11-01 11:29:00,87800,88400
2016-11-01 11:29:00,88000,88500
2016-11-01 11:29:00,88000,88500
2016-11-01 11:29:00,88100,88600
2016-11-01 11:29:00,88100,88600
2016-12-01 11:29:00,87100,87100
2016-12-01 11:29:00,87100,87200
2016-12-01 11:29:00,87100,87200
2016-12-01 11:29:00,87100,87300
2016-12-01 11:29:00,87100,87300
2016-12-01 11:29:00,87100,87400
2016-12-01 11:29:00,87100,87400
2016-12-01 11:29:00,87100,87400
2016-12-01 11:29:00,87200,87400
2016-12-01 11:29:00,87200,87400
2016-12-01 11:29:00,87300,87400
2016-12-01 11:29:00,87300,87400
2016-12-01 11:29:00,87400,87400
2016-12-01 11:29:00,87400,87400
2016-12-01 11:29:00,87400,87400
2016-12-01 11:29:00,87400,87400
2016-12-01 11:29:00,87400,87400
2016-12-01 11:29:00,87400,87400
2016-12-01 11:29:00,87400,87400
2016-12-01 11:29:00,87400,87400
2016-12-01 11:29:00,87400,87400
2016-12-01 11:29:00,87400,87400
2016-12-01 11:29:00,87400,87400
2016-12-01 11:29:00,87400,87400
2016-12-01 11:29:00,87400,87400
2016-12-01 11:29:00,87400,87400
2016-12-01 11:29:00,87400,87400
2016-12-01 11:29:00,87400,87400
2016-12-01 11:29:00,87400,87400
2016-12-01 11:29:00,87400,87400
2016-12-01 11:29:00,87400,87400
2016-12-01 11:29:00,87400,87400
2016-12-01 11:29:00,87400,87400
2016-12-01 11:29:00,87400,87400
2016-12-01 11:29:00,87400,87400
2016-12-01 11:29:00,87400,87400
2016-12-01 11:29:00,87400,87400
2016-12-01 11:29:00,87400,87500
2016-12-01 11:29:00,87400,87600
2016-12-01 11:29:00,87400,87700
2016-12-01 11:29:00,87400,87700
2016-12-01 11:29:00,87400,87800
2016-12-01 11:29:00,87400,87800
2016-12-01 11:29:00,87400,87900
2016-12-01 11:29:00,87500,87900
2016-12-01 11:29:00,87600,87900
2016-12-01 11:29:00,87700,87900
2016-12-01 11:29:00,87700,88000
2016-12-01 11:29:00,87800,88000
2016-12-01 11:29:00,87800,88000
2016-12-01 11:29:00,87900,88100
2016-12-01 11:29:00,87900,88100
2016-12-01 11:29:00,87900,88200
2016-12-01 11:29:00,87900,88300
2017-01-01 11:29:00,86300,86400
2017-01-01 11:29:00,86300,86400
2017-01-01 11:29:00,86300,86500
2017-01-01 11:29:00,86300,86500
2017-01-01 11:29:00,86300,86600
2017-01-01 11:29:00,86300,86600
2017-01-01 11:29:00,86400,86600
2017-01-01 11:29:00,86400,86600
2017-01-01 11:29:00,86400,86600
2017-01-01 11:29:00,86500,86600
2017-01-01 11:29:00,86500,86600
2017-01-01 11:29:00,86600,86600
2017-01-01 11:29:00,86600,86600
2017-01-01 11:29:00,86600,86600
2017-01-01 11:29:00,86600,86600
2017-01-01 11:29:00,86600,86600
2017-01-01 11:29:00,86600,86600
2017-01-01 11:29:00,86600,86600
2017-01-01 11:29:00,86600,86600
2017-01-01 11:29:00,86600,86600
2017-01-01 11:29:00,86600,86600
2017-01-01 11:29:00,86600,86600
2017-01-01 11:29:00,86600,86600
2017-01-01 11:29:00,86600,86600
2017-01-01 11:29:00,86600,86600
2017-01-01 11:29:00,86600,86600
2017-01-01 11:29:00,86600,86600
2017-01-01 11:29:00,86600,86600
2017-01-01 11:29:00,86600,86600
2017-01-01 11:29:00,86600,86600
2017-01-01 11:29:00,86600,86600
2017-01-01 11:29:00,86600,86600
2017-01-01 11:29:00,86600,86600
2017-01-01 11:29:00,86600,86600
2017-01-01 11:29:00,86600,86600
2017-01-01 11:29:00,86600,86700
2017-01-01 11:29:00,86600,86800
2017-01-01 11:29:00,86600,86900
2017-01-01 11:29:00,86600,86900
2017-01-01 11:29:00,86600,86900
2017-01-01 11:29:00,86600,87000
2017-01-01 11:29:00,86600,87000
2017-01-01 11:29:00,86700,87000
2017-01-01 11:29:00,86800,87100
2017-01-01 11:29:00,86900,87100
2017-01-01 11:29:00,86900,87100
2017-01-01 11:29:00,86900,87100
2017-01-01 11:29:00,87000,87100
2017-01-01 11:29:00,87000,87200
2017-01-01 11:29:00,87000,87200
2017-01-01 11:29:00,87100,87300
2017-01-01 11:29:00,87100,87400
2017-01-01 11:29:00,87100,87500
2017-01-01 11:29:00,87100,87600
2017-02-01 11:29:00,86600,86600
2017-02-01 11:29:00,86600,86600
2017-02-01 11:29:00,86600,86700
2017-02-01 11:29:00,86600,86700
2017-02-01 11:29:00,86600,86700
2017-02-01 11:29:00,86600,86800
2017-02-01 11:29:00,86600,86800
2017-02-01 11:29:00,86600,86800
2017-02-01 11:29:00,86600,86900
2017-02-01 11:29:00,86700,86900
2017-02-01 11:29:00,86700,86900
2017-02-01 11:29:00,86700,86900
2017-02-01 11:29:00,86800,86900
2017-02-01 11:29:00,86800,86900
2017-02-01 11:29:00,86800,86900
2017-02-01 11:29:00,86900,86900
2017-02-01 11:29:00,86900,86900
2017-02-01 11:29:00,86900,86900
2017-02-01 11:29:00,86900,86900
2017-02-01 11:29:00,86900,86900
2017-02-01 11:29:00,86900,86900
2017-02-01 11:29:00,86900,86900
2017-02-01 11:29:00,86900,86900
2017-02-01 11:29:00,86900,86900
2017-02-01 11:29:00,86900,86900
2017-02-01 11:29:00,86900,86900
2017-02-01 11:29:00,86900,86900
2017-02-01 11:29:00,86900,86900
2017-02-01 11:29:00,86900,86900
2017-02-01 11:29:00,86900,86900
2017-02-01 11:29:00,86900,86900
2017-02-01 11:29:00,86900,87000
2017-02-01 11:29:00,86900,87000
2017-02-01 11:29:00,86900,87000
2017-02-01 11:29:00,86900,87100
2017-02-01 11:29:00,86900,87200
2017-02-01 11:29:00,86900,87200
2017-02-01 11:29:00,86900,87200
2017-02-01 11:29:00,87000,87300
2017-02-01 11:29:00,87000,87400
2017-02-01 11:29:00,87000,87400
2017-02-01 11:29:00,87100,87500
2017-02-01 11:29:00,87200,87500
2017-02-01 11:29:00,87200,87500
2017-02-01 11:29:00,87200,87600
2017-02-01 11:29:00,87300,87600
2017-02-01 11:29:00,87400,87700
2017-02-01 11:29:00,87400,87800
2017-02-01 11:29:00,87500,87900
2017-02-01 11:29:00,87500,88000
2017-02-01 11:29:00,87500,88100
2017-02-01 11:29:00,87600,88100
2017-02-01 11:29:00,87600,88200
2017-02-01 11:29:00,87700,88200
2017-03-01 11:29:00,86600,86600
2017-03-01 11:29:00,86600,86600
2017-03-01 11:29:00,86600,86600
2017-03-01 11:29:00,86600,86600
2017-03-01 11:29:00,86600,86600
2017-03-01 11:29:00,86600,86600
2017-03-01 11:29:00,86600,86600
2017-03-01 11:29:00,86600,86600
2017-03-01 11:29:00,86600,86600
2017-03-01 11:29:00,86600,86600
2017-03-01 11:29:00,86600,86600
2017-03-01 11:29:00,86600,86700
2017-03-01 11:29:00,86600,86700
2017-03-01 11:29:00,86600,86700
2017-03-01 11:29:00,86600,86800
2017-03-01 11:29:00,86600,86800
2017-03-01 11:29:00,86600,86800
2017-03-01 11:29:00,86600,86900
2017-03-01 11:29:00,86700,86900
2017-03-01 11:29:00,86700,86900
2017-03-01 11:29:00,86700,86900
2017-03-01 11:29:00,86800,86900
2017-03-01 11:29:00,86800,86900
2017-03-01 11:29:00,86800,86900
2017-03-01 11:29:00,86900,86900
2017-03-01 11:29:00,86900,86900
2017-03-01 11:29:00,86900,86900
2017-03-01 11:29:00,86900,86900
2017-03-01 11:29:00,86900,86900
2017-03-01 11:29:00,86900,86900
2017-03-01 11:29:00,86900,86900
2017-03-01 11:29:00,86900,86900
2017-03-01 11:29:00,86900,86900
2017-03-01 11:29:00,86900,86900
2017-03-01 11:29:00,86900,86900
2017-03-01 11:29:00,86900,86900
2017-03-01 11:29:00,86900,86900
2017-03-01 11:29:00,86900,86900
2017-03-01 11:29:00,86900,86900
2017-03-01 11:29:00,86900,86900
2017-03-01 11:29:00,86900,86900
2017-03-01 11:29:00,86900,86900
2017-03-01 11:29:00,86900,87000
2017-03-01 11:29:00,86900,87100
2017-03-01 11:29:00,86900,87200
2017-03-01 11:29:00,86900,87200
2017-03-01 11:29:00,86900,87300
2017-03-01 11:29:00,86900,87400
2017-03-01 11:29:00,86900,87500
2017-03-01 11:29:00,87000,87600
2017-03-01 11:29:00,87100,87700
2017-03-01 11:29:00,87200,87700
2017-03-01 11:29:00,87200,87800
2017-03-01 11:29:00,87300,87800
2017-04-01 11:29:00,88500,88500
2017-04-01 11:29:00,88500,88500
2017-04-01 11:29:00,88500,88500
2017-04-01 11:29:00,88500,88500
2017-04-01 11:29:00,88500,88500
2017-04-01 11:29:00,88500,88500
2017-04-01 11:29:00,88500,88500
2017-04-01 11:29:00,88500,88500
2017-04-01 11:29:00,88500,88500
2017-04-01 11:29:00,88500,88500
2017-04-01 11:29:00,88500,88500
2017-04-01 11:29:00,88500,88600
2017-04-01 11:29:00,88500,88600
2017-04-01 11:29:00,88500,88600
2017-04-01 11:29:00,88500,88600
2017-04-01 11:29:00,88500,88600
2017-04-01 11:29:00,88500,88700
2017-04-01 11:29:00,88500,88700
2017-04-01 11:29:00,88600,88700
2017-04-01 11:29:00,88600,88800
2017-04-01 11:29:00,88600,88800
2017-04-01 11:29:00,88600,88800
2017-04-01 11:29:00,88600,88800
2017-04-01 11:29:00,88700,88800
2017-04-01 11:29:00,88700,88800
2017-04-01 11:29:00,88700,88800
2017-04-01 11:29:00,88800,88800
2017-04-01 11:29:00,88800,88800
2017-04-01 11:29:00,88800,88800
2017-04-01 11:29:00,88800,88800
2017-04-01 11:29:00,88800,88800
2017-04-01 11:29:00,88800,88800
2017-04-01 11:29:00,88800,88800
2017-04-01 11:29:00,88800,88800
2017-04-01 11:29:00,88800,88800
2017-04-01 11:29:00,88800,88900
2017-04-01 11:29:00,88800,88900
2017-04-01 11:29:00,88800,89000
2017-04-01 11:29:00,88800,89100
2017-04-01 11:29:00,88800,89100
2017-04-01 11:29:00,88800,89100
2017-04-01 11:29:00,88800,89200
2017-04-01 11:29:00,88900,89200
2017-04-01 11:29:00,88900,89200
2017-04-01 11:29:00,89000,89200
2017-04-01 11:29:00,89100,89200
2017-04-01 11:29:00,89100,89300
2017-04-01 11:29:00,89100,89300
2017-04-01 11:29:00,89200,89400
2017-04-01 11:29:00,89200,89400
2017-04-01 11:29:00,89200,89500
2017-04-01 11:29:00,89200,89500
2017-04-01 11:29:00,89200,89600
2017-04-01 11:29:00,89300,89800
2017-05-01 11:29:00,88500,88500
2017-05-01 11:29:00,88500,88600
2017-05-01 11:29:00,88500,88600
2017-05-01 11:29:00,88500,88600
2017-05-01 11:29:00,88500,88600
2017-05-01 11:29:00,88500,88600
2017-05-01 11:29:00,88500,88700
2017-05-01 11:29:00,88500,88700
2017-05-01 11:29:00,88600,88800
2017-05-01 11:29:00,88600,88800
2017-05-01 11:29:00,88600,88800
2017-05-01 11:29:00,88600,88800
2017-05-01 11:29:00,88600,88800
2017-05-01 11:29:00,88700,88800
2017-05-01 11:29:00,88700,88800
2017-05-01 11:29:00,88800,88800
2017-05-01 11:29:00,88800,88800
2017-05-01 11:29:00,88800,88800
2017-05-01 11:29:00,88800,88800
2017-05-01 11:29:00,88800,88800
2017-05-01 11:29:00,88800,88800
2017-05-01 11:29:00,88800,88800
2017-05-01 11:29:00,88800,88800
2017-05-01 11:29:00,88800,88800
2017-05-01 11:29:00,88800,88800
2017-05-01 11:29:00,88800,88800
2017-05-01 11:29:00,88800,88800
2017-05-01 11:29:00,88800,88900
2017-05-01 11:29:00,88800,88900
2017-05-01 11:29:00,88800,88900
2017-05-01 11:29:00,88800,89000
2017-05-01 11:29:00,88800,89100
2017-05-01 11:29:00,88800,89100
2017-05-01 11:29:00,88800,89100
2017-05-01 11:29:00,88900,89100
2017-05-01 11:29:00,88900,89100
2017-05-01 11:29:00,88900,89100
2017-05-01 11:29:00,89000,89200
2017-05-01 11:29:00,89100,89200
2017-05-01 11:29:00,89100,89300
2017-05-01 11:29:00,89100,89300
2017-05-01 11:29:00,89100,89400
2017-05-01 11:29:00,89100,89400
2017-05-01 11:29:00,89100,89500
2017-05-01 11:29:00,89200,89500
2017-05-01 11:29:00,89200,89600
2017-05-01 11:29:00,89300,89600
2017-05-01 11:29:00,89300,89700
2017-05-01 11:29:00,89400,89800
2017-05-01 11:29:00,89400,89900
2017-05-01 11:29:00,89500,90000
2017-05-01 11:29:00,89500,90100
2017-05-01 11:29:00,89600,90100
2017-05-01 11:29:00,89600,90100
2017-06-01 11:29:00,88400,88500
2017-06-01 11:29:00,88500,88500
2017-06-01 11:29:00,88500,88500
2017-06-01 11:29:00,88500,88500
2017-06-01 11:29:00,88500,88500
2017-06-01 11:29:00,88500,88500
2017-06-01 11:29:00,88500,88500
2017-06-01 11:29:00,88500,88500
2017-06-01 11:29:00,88500,88500
2017-06-01 11:29:00,88500,88500
2017-06-01 11:29:00,88500,88500
2017-06-01 11:29:00,88500,88500
2017-06-01 11:29:00,88500,88600
2017-06-01 11:29:00,88500,88600
2017-06-01 11:29:00,88500,88600
2017-06-01 11:29:00,88500,88600
2017-06-01 11:29:00,88500,88600
2017-06-01 11:29:00,88500,88600
2017-06-01 11:29:00,88500,88700
2017-06-01 11:29:00,88600,88700
2017-06-01 11:29:00,88600,88700
2017-06-01 11:29:00,88600,88700
2017-06-01 11:29:00,88600,88700
2017-06-01 11:29:00,88600,88800
2017-06-01 11:29:00,88600,88800
2017-06-01 11:29:00,88700,88800
2017-06-01 11:29:00,88700,88800
2017-06-01 11:29:00,88700,88800
2017-06-01 11:29:00,88700,88800
2017-06-01 11:29:00,88700,88800
2017-06-01 11:29:00,88800,88800
2017-06-01 11:29:00,88800,88800
2017-06-01 11:29:00,88800,88800
2017-06-01 11:29:00,88800,88800
2017-06-01 11:29:00,88800,88900
2017-06-01 11:29:00,88800,88900
2017-06-01 11:29:00,88800,89000
2017-06-01 11:29:00,88800,89000
2017-06-01 11:29:00,88800,89100
2017-06-01 11:29:00,88800,89100
2017-06-01 11:29:00,88800,89100
2017-06-01 11:29:00,88900,89100
2017-06-01 11:29:00,88900,89100
2017-06-01 11:29:00,89000,89100
2017-06-01 11:29:00,89000,89100
2017-06-01 11:29:00,89100,89100
2017-06-01 11:29:00,89100,89200
2017-06-01 11:29:00,89100,89200
2017-06-01 11:29:00,89100,89200
2017-06-01 11:29:00,89100,89200
2017-06-01 11:29:00,89100,89300
2017-06-01 11:29:00,89100,89300
2017-06-01 11:29:00,89100,89300
2017-06-01 11:29:00,89200,89400
