ccyy-mm,time,bid-price
2015-01,11:29:00,74000
2015-01,11:29:01,74000
2015-01,11:29:02,74000
2015-01,11:29:03,74000
2015-01,11:29:04,74000
2015-01,11:29:05,74000
2015-01,11:29:06,74000
2015-01,11:29:07,74000
2015-01,11:29:08,74000
2015-01,11:29:09,74000
2015-01,11:29:10,74000
2015-01,11:29:11,74000
2015-01,11:29:12,74000
2015-01,11:29:13,74000
2015-01,11:29:14,74000
2015-01,11:29:15,74000
2015-01,11:29:16,74000
2015-01,11:29:17,74000
2015-01,11:29:18,74000
2015-01,11:29:19,74000
2015-01,11:29:20,74000
2015-01,11:29:21,74000
2015-01,11:29:22,74000
2015-01,11:29:23,74000
2015-01,11:29:24,74000
2015-01,11:29:25,74000
2015-01,11:29:26,74000
2015-01,11:29:27,74000
2015-01,11:29:28,74000
2015-01,11:29:29,74000
2015-01,11:29:30,74000
2015-01,11:29:31,74000
2015-01,11:29:32,74000
2015-01,11:29:33,74000
2015-01,11:29:34,74000
2015-01,11:29:35,74000
2015-01,11:29:36,74000
2015-01,11:29:37,74000
2015-01,11:29:38,74000
2015-01,11:29:39,74000
2015-01,11:29:40,74000
2015-01,11:29:41,74000
2015-01,11:29:42,74000
2015-01,11:29:43,74000
2015-01,11:29:44,74000
2015-01,11:29:45,74000
2015-01,11:29:46,74000
2015-01,11:29:47,74000
2015-01,11:29:48,74000
2015-01,11:29:49,74000
2015-01,11:29:50,74000
2015-01,11:29:51,74000
2015-01,11:29:52,74000
2015-01,11:29:53,74000
2015-01,11:29:54,74000
2015-01,11:29:55,74000
2015-01,11:29:56,74000
2015-01,11:29:57,74000
2015-01,11:29:58,74000
2015-01,11:29:59,74000
2015-01,11:30:00,74000
2015-02,11:29:00,76000
2015-02,11:29:01,76100
2015-02,11:29:02,76100
2015-02,11:29:03,76100
2015-02,11:29:04,76100
2015-02,11:29:05,76100
2015-02,11:29:06,76100
2015-02,11:29:07,76100
2015-02,11:29:08,76100
2015-02,11:29:09,76100
2015-02,11:29:10,76100
2015-02,11:29:11,76100
2015-02,11:29:12,76100
2015-02,11:29:13,76100
2015-02,11:29:14,76100
2015-02,11:29:15,76100
2015-02,11:29:16,76100
2015-02,11:29:17,76100
2015-02,11:29:18,76100
2015-02,11:29:19,76100
2015-02,11:29:20,76100
2015-02,11:29:21,76100
2015-02,11:29:22,76100
2015-02,11:29:23,76100
2015-02,11:29:24,76100
2015-02,11:29:25,76100
2015-02,11:29:26,76100
2015-02,11:29:27,76100
2015-02,11:29:28,76100
2015-02,11:29:29,76100
2015-02,11:29:30,76100
2015-02,11:29:31,76200
2015-02,11:29:32,76200
2015-02,11:29:33,76200
2015-02,11:29:34,76200
2015-02,11:29:35,76200
2015-02,11:29:36,76200
2015-02,11:29:37,76200
2015-02,11:29:38,76200
2015-02,11:29:39,76200
2015-02,11:29:40,76200
2015-02,11:29:41,76200
2015-02,11:29:42,76200
2015-02,11:29:43,76200
2015-02,11:29:44,76200
2015-02,11:29:45,76200
2015-02,11:29:46,76300
2015-02,11:29:47,76300
2015-02,11:29:48,76300
2015-02,11:29:49,76300
2015-02,11:29:50,76300
2015-02,11:29:51,76300
2015-02,11:29:52,76300
2015-02,11:29:53,76300
2015-02,11:29:54,76400
2015-02,11:29:55,76400
2015-02,11:29:56,76400
2015-02,11:29:57,76400
2015-02,11:29:58,76500
2015-02,11:29:59,76500
2015-02,11:30:00,76500
2015-03,11:29:00,74600
2015-03,11:29:01,74600
2015-03,11:29:02,74600
2015-03,11:29:03,74600
2015-03,11:29:04,74600
2015-03,11:29:05,74600
2015-03,11:29:06,74600
2015-03,11:29:07,74600
2015-03,11:29:08,74600
2015-03,11:29:09,74600
2015-03,11:29:10,74600
2015-03,11:29:11,74600
2015-03,11:29:12,74600
2015-03,11:29:13,74600
2015-03,11:29:14,74600
2015-03,11:29:15,74600
2015-03,11:29:16,74600
2015-03,11:29:17,74600
2015-03,11:29:18,74600
2015-03,11:29:19,74600
2015-03,11:29:20,74600
2015-03,11:29:21,74600
2015-03,11:29:22,74600
2015-03,11:29:23,74600
2015-03,11:29:24,74600
2015-03,11:29:25,74600
2015-03,11:29:26,74600
2015-03,11:29:27,74600
2015-03,11:29:28,74600
2015-03,11:29:29,74600
2015-03,11:29:30,74600
2015-03,11:29:31,74600
2015-03,11:29:32,74600
2015-03,11:29:33,74600
2015-03,11:29:34,74600
2015-03,11:29:35,74600
2015-03,11:29:36,74600
2015-03,11:29:37,74600
2015-03,11:29:38,74600
2015-03,11:29:39,74600
2015-03,11:29:40,74600
2015-03,11:29:41,74600
2015-03,11:29:42,74600
2015-03,11:29:43,74600
2015-03,11:29:44,74600
2015-03,11:29:45,74600
2015-03,11:29:46,74600
2015-03,11:29:47,74600
2015-03,11:29:48,74600
2015-03,11:29:49,74600
2015-03,11:29:50,74600
2015-03,11:29:51,74600
2015-03,11:29:52,74600
2015-03,11:29:53,74600
2015-03,11:29:54,74600
2015-03,11:29:55,74600
2015-03,11:29:56,74600
2015-03,11:29:57,74600
2015-03,11:29:58,74600
2015-03,11:29:59,74600
2015-03,11:30:00,74600
2015-04,11:29:00,79900
2015-04,11:29:01,79900
2015-04,11:29:02,79900
2015-04,11:29:03,79900
2015-04,11:29:04,79900
2015-04,11:29:05,79900
2015-04,11:29:06,79900
2015-04,11:29:07,79900
2015-04,11:29:08,80000
2015-04,11:29:09,80000
2015-04,11:29:10,80000
2015-04,11:29:11,80000
2015-04,11:29:12,80000
2015-04,11:29:13,80000
2015-04,11:29:14,80000
2015-04,11:29:15,80000
2015-04,11:29:16,80000
2015-04,11:29:17,80000
2015-04,11:29:18,80000
2015-04,11:29:19,80000
2015-04,11:29:20,80000
2015-04,11:29:21,80000
2015-04,11:29:22,80000
2015-04,11:29:23,80000
2015-04,11:29:24,80000
2015-04,11:29:25,80000
2015-04,11:29:26,80000
2015-04,11:29:27,80000
2015-04,11:29:28,80100
2015-04,11:29:29,80100
2015-04,11:29:30,80100
2015-04,11:29:31,80100
2015-04,11:29:32,80100
2015-04,11:29:33,80100
2015-04,11:29:34,80100
2015-04,11:29:35,80100
2015-04,11:29:36,80200
2015-04,11:29:37,80200
2015-04,11:29:38,80200
2015-04,11:29:39,80200
2015-04,11:29:40,80300
2015-04,11:29:41,80300
2015-04,11:29:42,80300
2015-04,11:29:43,80300
2015-04,11:29:44,80300
2015-04,11:29:45,80300
2015-04,11:29:46,80300
2015-04,11:29:47,80300
2015-04,11:29:48,80300
2015-04,11:29:49,80400
2015-04,11:29:50,80400
2015-04,11:29:51,80400
2015-04,11:29:52,80400
2015-04,11:29:53,80500
2015-04,11:29:54,80500
2015-04,11:29:55,80600
2015-04,11:29:56,80600
2015-04,11:29:57,80600
2015-04,11:29:58,80600
2015-04,11:29:59,80600
2015-04,11:30:00,80600
2015-05,11:29:00,78300
2015-05,11:29:01,78300
2015-05,11:29:02,78300
2015-05,11:29:03,78300
2015-05,11:29:04,78300
2015-05,11:29:05,78300
2015-05,11:29:06,78300
2015-05,11:29:07,78300
2015-05,11:29:08,78300
2015-05,11:29:09,78300
2015-05,11:29:10,78300
2015-05,11:29:11,78300
2015-05,11:29:12,78300
2015-05,11:29:13,78300
2015-05,11:29:14,78400
2015-05,11:29:15,78400
2015-05,11:29:16,78400
2015-05,11:29:17,78400
2015-05,11:29:18,78400
2015-05,11:29:19,78500
2015-05,11:29:20,78500
2015-05,11:29:21,78500
2015-05,11:29:22,78500
2015-05,11:29:23,78500
2015-05,11:29:24,78500
2015-05,11:29:25,78500
2015-05,11:29:26,78500
2015-05,11:29:27,78500
2015-05,11:29:28,78600
2015-05,11:29:29,78600
2015-05,11:29:30,78600
2015-05,11:29:31,78600
2015-05,11:29:32,78600
2015-05,11:29:33,78600
2015-05,11:29:34,78600
2015-05,11:29:35,78600
2015-05,11:29:36,78600
2015-05,11:29:37,78600
2015-05,11:29:38,78600
2015-05,11:29:39,78600
2015-05,11:29:40,78700
2015-05,11:29:41,78700
2015-05,11:29:42,78700
2015-05,11:29:43,78800
2015-05,11:29:44,78800
2015-05,11:29:45,78800
2015-05,11:29:46,78800
2015-05,11:29:47,78800
2015-05,11:29:48,78800
2015-05,11:29:49,78800
2015-05,11:29:50,78800
2015-05,11:29:51,78900
2015-05,11:29:52,78900
2015-05,11:29:53,78900
2015-05,11:29:54,78900
2015-05,11:29:55,78900
2015-05,11:29:56,78900
2015-05,11:29:57,78900
2015-05,11:29:58,78900
2015-05,11:29:59,79000
2015-05,11:30:00,79000
2015-06,11:29:00,77700
2015-06,11:29:01,77700
2015-06,11:29:02,77800
2015-06,11:29:03,77800
2015-06,11:29:04,77900
2015-06,11:29:05,77900
2015-06,11:29:06,77900
2015-06,11:29:07,77900
2015-06,11:29:08,78000
2015-06,11:29:09,78000
2015-06,11:29:10,78000
2015-06,11:29:11,78000
2015-06,11:29:12,78000
2015-06,11:29:13,78000
2015-06,11:29:14,78100
2015-06,11:29:15,78100
2015-06,11:29:16,78100
2015-06,11:29:17,78100
2015-06,11:29:18,78100
2015-06,11:29:19,78200
2015-06,11:29:20,78200
2015-06,11:29:21,78300
2015-06,11:29:22,78300
2015-06,11:29:23,78300
2015-06,11:29:24,78400
2015-06,11:29:25,78400
2015-06,11:29:26,78500
2015-06,11:29:27,78500
2015-06,11:29:28,78500
2015-06,11:29:29,78600
2015-06,11:29:30,78600
2015-06,11:29:31,78600
2015-06,11:29:32,78700
2015-06,11:29:33,78700
2015-06,11:29:34,78700
2015-06,11:29:35,78800
2015-06,11:29:36,78900
2015-06,11:29:37,79000
2015-06,11:29:38,79000
2015-06,11:29:39,79100
2015-06,11:29:40,79100
2015-06,11:29:41,79100
2015-06,11:29:42,79200
2015-06,11:29:43,79200
2015-06,11:29:44,79200
2015-06,11:29:45,79300
2015-06,11:29:46,79400
2015-06,11:29:47,79400
2015-06,11:29:48,79500
2015-06,11:29:49,79500
2015-06,11:29:50,79500
2015-06,11:29:51,79600
2015-06,11:29:52,79600
2015-06,11:29:53,79700
2015-06,11:29:54,79700
2015-06,11:29:55,79700
2015-06,11:29:56,79800
2015-06,11:29:57,79900
2015-06,11:29:58,79900
2015-06,11:29:59,79900
2015-06,11:30:00,80000
2015-07,11:29:00,81400
2015-07,11:29:01,81400
2015-07,11:29:02,81400
2015-07,11:29:03,81400
2015-07,11:29:04,81400
2015-07,11:29:05,81400
2015-07,11:29:06,81400
2015-07,11:29:07,81400
2015-07,11:29:08,81400
2015-07,11:29:09,81500
2015-07,11:29:10,81500
2015-07,11:29:11,81500
2015-07,11:29:12,81600
2015-07,11:29:13,81600
2015-07,11:29:14,81600
2015-07,11:29:15,81700
2015-07,11:29:16,81700
2015-07,11:29:17,81700
2015-07,11:29:18,81700
2015-07,11:29:19,81700
2015-07,11:29:20,81700
2015-07,11:29:21,81800
2015-07,11:29:22,81800
2015-07,11:29:23,81800
2015-07,11:29:24,81800
2015-07,11:29:25,81900
2015-07,11:29:26,81900
2015-07,11:29:27,82000
2015-07,11:29:28,82000
2015-07,11:29:29,82000
2015-07,11:29:30,82000
2015-07,11:29:31,82000
2015-07,11:29:32,82000
2015-07,11:29:33,82000
2015-07,11:29:34,82100
2015-07,11:29:35,82100
2015-07,11:29:36,82100
2015-07,11:29:37,82200
2015-07,11:29:38,82200
2015-07,11:29:39,82300
2015-07,11:29:40,82300
2015-07,11:29:41,82300
2015-07,11:29:42,82400
2015-07,11:29:43,82400
2015-07,11:29:44,82500
2015-07,11:29:45,82500
2015-07,11:29:46,82500
2015-07,11:29:47,82600
2015-07,11:29:48,82600
2015-07,11:29:49,82600
2015-07,11:29:50,82700
2015-07,11:29:51,82800
2015-07,11:29:52,82800
2015-07,11:29:53,82800
2015-07,11:29:54,82900
2015-07,11:29:55,83000
2015-07,11:29:56,83000
2015-07,11:29:57,83000
2015-07,11:29:58,83000
2015-07,11:29:59,83100
2015-07,11:30:00,83100
2015-08,11:29:00,81100
2015-08,11:29:01,81100
2015-08,11:29:02,81100
2015-08,11:29:03,81100
2015-08,11:29:04,81100
2015-08,11:29:05,81100
2015-08,11:29:06,81100
2015-08,11:29:07,81100
2015-08,11:29:08,81100
2015-08,11:29:09,81100
2015-08,11:29:10,81100
2015-08,11:29:11,81200
2015-08,11:29:12,81200
2015-08,11:29:13,81200
2015-08,11:29:14,81300
2015-08,11:29:15,81300
2015-08,11:29:16,81300
2015-08,11:29:17,81400
2015-08,11:29:18,81400
2015-08,11:29:19,81400
2015-08,11:29:20,81400
2015-08,11:29:21,81400
2015-08,11:29:22,81400
2015-08,11:29:23,81400
2015-08,11:29:24,81400
2015-08,11:29:25,81400
2015-08,11:29:26,81400
2015-08,11:29:27,81400
2015-08,11:29:28,81500
2015-08,11:29:29,81500
2015-08,11:29:30,81500
2015-08,11:29:31,81500
2015-08,11:29:32,81600
2015-08,11:29:33,81600
2015-08,11:29:34,81600
2015-08,11:29:35,81700
2015-08,11:29:36,81700
2015-08,11:29:37,81700
2015-08,11:29:38,81700
2015-08,11:29:39,81800
2015-08,11:29:40,81800
2015-08,11:29:41,81800
2015-08,11:29:42,81800
2015-08,11:29:43,81900
2015-08,11:29:44,81900
2015-08,11:29:45,81900
2015-08,11:29:46,82000
2015-08,11:29:47,82000
2015-08,11:29:48,82000
2015-08,11:29:49,82000
2015-08,11:29:50,82100
2015-08,11:29:51,82100
2015-08,11:29:52,82200
2015-08,11:29:53,82200
2015-08,11:29:54,82300
2015-08,11:29:55,82400
2015-08,11:29:56,82500
2015-08,11:29:57,82500
2015-08,11:29:58,82500
2015-08,11:29:59,82600
2015-08,11:30:00,82600
2015-09,11:29:00,80800
2015-09,11:29:01,80800
2015-09,11:29:02,80800
2015-09,11:29:03,80900
2015-09,11:29:04,80900
2015-09,11:29:05,80900
2015-09,11:29:06,80900
2015-09,11:29:07,81000
2015-09,11:29:08,81000
2015-09,11:29:09,81000
2015-09,11:29:10,81100
2015-09,11:29:11,81100
2015-09,11:29:12,81100
2015-09,11:29:13,81100
2015-09,11:29:14,81100
2015-09,11:29:15,81100
2015-09,11:29:16,81100
2015-09,11:29:17,81100
2015-09,11:29:18,81100
2015-09,11:29:19,81100
2015-09,11:29:20,81100
2015-09,11:29:21,81100
2015-09,11:29:22,81100
2015-09,11:29:23,81100
2015-09,11:29:24,81100
2015-09,11:29:25,81100
2015-09,11:29:26,81100
2015-09,11:29:27,81100
2015-09,11:29:28,81100
2015-09,11:29:29,81200
2015-09,11:29:30,81200
2015-09,11:29:31,81200
2015-09,11:29:32,81300
2015-09,11:29:33,81300
2015-09,11:29:34,81400
2015-09,11:29:35,81400
2015-09,11:29:36,81400
2015-09,11:29:37,81400
2015-09,11:29:38,81400
2015-09,11:29:39,81400
2015-09,11:29:40,81400
2015-09,11:29:41,81400
2015-09,11:29:42,81400
2015-09,11:29:43,81400
2015-09,11:29:44,81500
2015-09,11:29:45,81500
2015-09,11:29:46,81500
2015-09,11:29:47,81500
2015-09,11:29:48,81600
2015-09,11:29:49,81600
2015-09,11:29:50,81700
2015-09,11:29:51,81700
2015-09,11:29:52,81700
2015-09,11:29:53,81800
2015-09,11:29:54,81800
2015-09,11:29:55,81800
2015-09,11:29:56,81900
2015-09,11:29:57,82000
2015-09,11:29:58,82000
2015-09,11:29:59,82000
2015-09,11:30:00,82100
2015-10,11:29:00,83800
2015-10,11:29:01,83800
2015-10,11:29:02,83800
2015-10,11:29:03,83800
2015-10,11:29:04,83800
2015-10,11:29:05,83800
2015-10,11:29:06,83800
2015-10,11:29:07,83800
2015-10,11:29:08,83800
2015-10,11:29:09,83900
2015-10,11:29:10,83900
2015-10,11:29:11,83900
2015-10,11:29:12,84000
2015-10,11:29:13,84000
2015-10,11:29:14,84000
2015-10,11:29:15,84000
2015-10,11:29:16,84000
2015-10,11:29:17,84100
2015-10,11:29:18,84100
2015-10,11:29:19,84100
2015-10,11:29:20,84100
2015-10,11:29:21,84100
2015-10,11:29:22,84100
2015-10,11:29:23,84100
2015-10,11:29:24,84100
2015-10,11:29:25,84100
2015-10,11:29:26,84100
2015-10,11:29:27,84100
2015-10,11:29:28,84100
2015-10,11:29:29,84100
2015-10,11:29:30,84200
2015-10,11:29:31,84200
2015-10,11:29:32,84200
2015-10,11:29:33,84300
2015-10,11:29:34,84300
2015-10,11:29:35,84300
2015-10,11:29:36,84400
2015-10,11:29:37,84400
2015-10,11:29:38,84400
2015-10,11:29:39,84400
2015-10,11:29:40,84500
2015-10,11:29:41,84500
2015-10,11:29:42,84500
2015-10,11:29:43,84600
2015-10,11:29:44,84600
2015-10,11:29:45,84600
2015-10,11:29:46,84700
2015-10,11:29:47,84700
2015-10,11:29:48,84800
2015-10,11:29:49,84800
2015-10,11:29:50,84900
2015-10,11:29:51,84900
2015-10,11:29:52,85000
2015-10,11:29:53,85000
2015-10,11:29:54,85100
2015-10,11:29:55,85200
2015-10,11:29:56,85200
2015-10,11:29:57,85300
2015-10,11:29:58,85300
2015-10,11:29:59,85300
2015-10,11:30:00,85300
2015-11,11:29:00,83500
2015-11,11:29:01,83500
2015-11,11:29:02,83500
2015-11,11:29:03,83500
2015-11,11:29:04,83500
2015-11,11:29:05,83500
2015-11,11:29:06,83500
2015-11,11:29:07,83500
2015-11,11:29:08,83500
2015-11,11:29:09,83500
2015-11,11:29:10,83500
2015-11,11:29:11,83600
2015-11,11:29:12,83600
2015-11,11:29:13,83600
2015-11,11:29:14,83600
2015-11,11:29:15,83600
2015-11,11:29:16,83600
2015-11,11:29:17,83600
2015-11,11:29:18,83700
2015-11,11:29:19,83700
2015-11,11:29:20,83800
2015-11,11:29:21,83800
2015-11,11:29:22,83800
2015-11,11:29:23,83800
2015-11,11:29:24,83800
2015-11,11:29:25,83800
2015-11,11:29:26,83800
2015-11,11:29:27,83800
2015-11,11:29:28,83800
2015-11,11:29:29,83800
2015-11,11:29:30,83800
2015-11,11:29:31,83800
2015-11,11:29:32,83800
2015-11,11:29:33,83800
2015-11,11:29:34,83800
2015-11,11:29:35,83800
2015-11,11:29:36,83900
2015-11,11:29:37,83900
2015-11,11:29:38,83900
2015-11,11:29:39,83900
2015-11,11:29:40,84000
2015-11,11:29:41,84000
2015-11,11:29:42,84000
2015-11,11:29:43,84100
2015-11,11:29:44,84100
2015-11,11:29:45,84100
2015-11,11:29:46,84100
2015-11,11:29:47,84100
2015-11,11:29:48,84100
2015-11,11:29:49,84100
2015-11,11:29:50,84100
2015-11,11:29:51,84200
2015-11,11:29:52,84200
2015-11,11:29:53,84300
2015-11,11:29:54,84300
2015-11,11:29:55,84300
2015-11,11:29:56,84400
2015-11,11:29:57,84500
2015-11,11:29:58,84500
2015-11,11:29:59,84600
2015-11,11:30:00,84600
2015-12,11:29:00,83500
2015-12,11:29:01,83500
2015-12,11:29:02,83500
2015-12,11:29:03,83500
2015-12,11:29:04,83500
2015-12,11:29:05,83500
2015-12,11:29:06,83500
2015-12,11:29:07,83500
2015-12,11:29:08,83500
2015-12,11:29:09,83500
2015-12,11:29:10,83500
2015-12,11:29:11,83500
2015-12,11:29:12,83500
2015-12,11:29:13,83500
2015-12,11:29:14,83500
2015-12,11:29:15,83500
2015-12,11:29:16,83600
2015-12,11:29:17,83600
2015-12,11:29:18,83600
2015-12,11:29:19,83600
2015-12,11:29:20,83600
2015-12,11:29:21,83600
2015-12,11:29:22,83600
2015-12,11:29:23,83600
2015-12,11:29:24,83700
2015-12,11:29:25,83700
2015-12,11:29:26,83700
2015-12,11:29:27,83800
2015-12,11:29:28,83800
2015-12,11:29:29,83800
2015-12,11:29:30,83800
2015-12,11:29:31,83800
2015-12,11:29:32,83800
2015-12,11:29:33,83800
2015-12,11:29:34,83800
2015-12,11:29:35,83800
2015-12,11:29:36,83800
2015-12,11:29:37,83800
2015-12,11:29:38,83800
2015-12,11:29:39,83800
2015-12,11:29:40,83800
2015-12,11:29:41,83800
2015-12,11:29:42,83800
2015-12,11:29:43,83900
2015-12,11:29:44,83900
2015-12,11:29:45,83900
2015-12,11:29:46,84000
2015-12,11:29:47,84000
2015-12,11:29:48,84000
2015-12,11:29:49,84100
2015-12,11:29:50,84100
2015-12,11:29:51,84100
2015-12,11:29:52,84100
2015-12,11:29:53,84100
2015-12,11:29:54,84200
2015-12,11:29:55,84200
2015-12,11:29:56,84200
2015-12,11:29:57,84300
2015-12,11:29:58,84400
2015-12,11:29:59,84400
2015-12,11:30:00,84500
2016-01,11:29:00,81500
2016-01,11:29:01,81500
2016-01,11:29:02,81500
2016-01,11:29:03,81500
2016-01,11:29:04,81500
2016-01,11:29:05,81500
2016-01,11:29:06,81500
2016-01,11:29:07,81500
2016-01,11:29:08,81500
2016-01,11:29:09,81500
2016-01,11:29:10,81500
2016-01,11:29:11,81500
2016-01,11:29:12,81500
2016-01,11:29:13,81500
2016-01,11:29:14,81500
2016-01,11:29:15,81500
2016-01,11:29:16,81500
2016-01,11:29:17,81500
2016-01,11:29:18,81500
2016-01,11:29:19,81500
2016-01,11:29:20,81600
2016-01,11:29:21,81600
2016-01,11:29:22,81600
2016-01,11:29:23,81600
2016-01,11:29:24,81600
2016-01,11:29:25,81700
2016-01,11:29:26,81700
2016-01,11:29:27,81700
2016-01,11:29:28,81800
2016-01,11:29:29,81800
2016-01,11:29:30,81800
2016-01,11:29:31,81800
2016-01,11:29:32,81800
2016-01,11:29:33,81800
2016-01,11:29:34,81800
2016-01,11:29:35,81800
2016-01,11:29:36,81800
2016-01,11:29:37,81800
2016-01,11:29:38,81800
2016-01,11:29:39,81800
2016-01,11:29:40,81800
2016-01,11:29:41,81800
2016-01,11:29:42,81800
2016-01,11:29:43,81800
2016-01,11:29:44,81900
2016-01,11:29:45,81900
2016-01,11:29:46,81900
2016-01,11:29:47,82000
2016-01,11:29:48,82000
2016-01,11:29:49,82000
2016-01,11:29:50,82100
2016-01,11:29:51,82100
2016-01,11:29:52,82100
2016-01,11:29:53,82100
2016-01,11:29:54,82200
2016-01,11:29:55,82200
2016-01,11:29:56,82200
2016-01,11:29:57,82200
2016-01,11:29:58,82200
2016-01,11:29:59,82200
2016-01,11:30:00,82200
2016-02,11:29:00,81500
2016-02,11:29:01,81500
2016-02,11:29:02,81500
2016-02,11:29:03,81500
2016-02,11:29:04,81500
2016-02,11:29:05,81500
2016-02,11:29:06,81500
2016-02,11:29:07,81600
2016-02,11:29:08,81600
2016-02,11:29:09,81600
2016-02,11:29:10,81700
2016-02,11:29:11,81700
2016-02,11:29:12,81800
2016-02,11:29:13,81800
2016-02,11:29:14,81800
2016-02,11:29:15,81800
2016-02,11:29:16,81800
2016-02,11:29:17,81800
2016-02,11:29:18,81800
2016-02,11:29:19,81800
2016-02,11:29:20,81800
2016-02,11:29:21,81800
2016-02,11:29:22,81800
2016-02,11:29:23,81800
2016-02,11:29:24,81800
2016-02,11:29:25,81800
2016-02,11:29:26,81800
2016-02,11:29:27,81800
2016-02,11:29:28,81800
2016-02,11:29:29,81800
2016-02,11:29:30,81800
2016-02,11:29:31,81900
2016-02,11:29:32,81900
2016-02,11:29:33,82000
2016-02,11:29:34,82000
2016-02,11:29:35,82100
2016-02,11:29:36,82100
2016-02,11:29:37,82100
2016-02,11:29:38,82100
2016-02,11:29:39,82100
2016-02,11:29:40,82200
2016-02,11:29:41,82200
2016-02,11:29:42,82300
2016-02,11:29:43,82300
2016-02,11:29:44,82400
2016-02,11:29:45,82400
2016-02,11:29:46,82500
2016-02,11:29:47,82600
2016-02,11:29:48,82600
2016-02,11:29:49,82700
2016-02,11:29:50,82700
2016-02,11:29:51,82800
2016-02,11:29:52,82900
2016-02,11:29:53,83000
2016-02,11:29:54,83000
2016-02,11:29:55,83000
2016-02,11:29:56,83100
2016-02,11:29:57,83100
2016-02,11:29:58,83200
2016-02,11:29:59,83200
2016-02,11:30:00,83200
2016-03,11:29:00,81500
2016-03,11:29:01,81500
2016-03,11:29:02,81500
2016-03,11:29:03,81500
2016-03,11:29:04,81500
2016-03,11:29:05,81500
2016-03,11:29:06,81600
2016-03,11:29:07,81600
2016-03,11:29:08,81600
2016-03,11:29:09,81700
2016-03,11:29:10,81700
2016-03,11:29:11,81800
2016-03,11:29:12,81800
2016-03,11:29:13,81800
2016-03,11:29:14,81800
2016-03,11:29:15,81800
2016-03,11:29:16,81800
2016-03,11:29:17,81800
2016-03,11:29:18,81800
2016-03,11:29:19,81800
2016-03,11:29:20,81800
2016-03,11:29:21,81800
2016-03,11:29:22,81800
2016-03,11:29:23,81800
2016-03,11:29:24,81800
2016-03,11:29:25,81800
2016-03,11:29:26,81800
2016-03,11:29:27,81800
2016-03,11:29:28,81800
2016-03,11:29:29,81800
2016-03,11:29:30,81800
2016-03,11:29:31,81900
2016-03,11:29:32,81900
2016-03,11:29:33,82000
2016-03,11:29:34,82000
2016-03,11:29:35,82100
2016-03,11:29:36,82100
2016-03,11:29:37,82100
2016-03,11:29:38,82100
2016-03,11:29:39,82100
2016-03,11:29:40,82100
2016-03,11:29:41,82100
2016-03,11:29:42,82200
2016-03,11:29:43,82200
2016-03,11:29:44,82200
2016-03,11:29:45,82300
2016-03,11:29:46,82400
2016-03,11:29:47,82400
2016-03,11:29:48,82500
2016-03,11:29:49,82500
2016-03,11:29:50,82600
2016-03,11:29:51,82700
2016-03,11:29:52,82800
2016-03,11:29:53,82800
2016-03,11:29:54,82900
2016-03,11:29:55,83000
2016-03,11:29:56,83000
2016-03,11:29:57,83000
2016-03,11:29:58,83000
2016-03,11:29:59,83100
2016-03,11:30:00,83100
2016-04,11:29:00,83700
2016-04,11:29:01,83700
2016-04,11:29:02,83700
2016-04,11:29:03,83700
2016-04,11:29:04,83700
2016-04,11:29:05,83700
2016-04,11:29:06,83700
2016-04,11:29:07,83700
2016-04,11:29:08,83700
2016-04,11:29:09,83700
2016-04,11:29:10,83700
2016-04,11:29:11,83700
2016-04,11:29:12,83700
2016-04,11:29:13,83700
2016-04,11:29:14,83800
2016-04,11:29:15,83800
2016-04,11:29:16,83800
2016-04,11:29:17,83900
2016-04,11:29:18,83900
2016-04,11:29:19,83900
2016-04,11:29:20,83900
2016-04,11:29:21,84000
2016-04,11:29:22,84000
2016-04,11:29:23,84000
2016-04,11:29:24,84000
2016-04,11:29:25,84000
2016-04,11:29:26,84000
2016-04,11:29:27,84000
2016-04,11:29:28,84000
2016-04,11:29:29,84000
2016-04,11:29:30,84000
2016-04,11:29:31,84000
2016-04,11:29:32,84000
2016-04,11:29:33,84000
2016-04,11:29:34,84000
2016-04,11:29:35,84000
2016-04,11:29:36,84000
2016-04,11:29:37,84000
2016-04,11:29:38,84000
2016-04,11:29:39,84100
2016-04,11:29:40,84100
2016-04,11:29:41,84200
2016-04,11:29:42,84200
2016-04,11:29:43,84300
2016-04,11:29:44,84300
2016-04,11:29:45,84300
2016-04,11:29:46,84300
2016-04,11:29:47,84400
2016-04,11:29:48,84400
2016-04,11:29:49,84400
2016-04,11:29:50,84500
2016-04,11:29:51,84500
2016-04,11:29:52,84500
2016-04,11:29:53,84600
2016-04,11:29:54,84600
2016-04,11:29:55,84700
2016-04,11:29:56,84800
2016-04,11:29:57,84800
2016-04,11:29:58,84900
2016-04,11:29:59,85000
2016-04,11:30:00,85100
2016-05,11:29:00,83700
2016-05,11:29:01,83700
2016-05,11:29:02,83700
2016-05,11:29:03,83700
2016-05,11:29:04,83700
2016-05,11:29:05,83700
2016-05,11:29:06,83700
2016-05,11:29:07,83700
2016-05,11:29:08,83700
2016-05,11:29:09,83700
2016-05,11:29:10,83700
2016-05,11:29:11,83700
2016-05,11:29:12,83700
2016-05,11:29:13,83700
2016-05,11:29:14,83700
2016-05,11:29:15,83700
2016-05,11:29:16,83700
2016-05,11:29:17,83800
2016-05,11:29:18,83800
2016-05,11:29:19,83800
2016-05,11:29:20,83800
2016-05,11:29:21,83800
2016-05,11:29:22,83900
2016-05,11:29:23,83900
2016-05,11:29:24,83900
2016-05,11:29:25,84000
2016-05,11:29:26,84000
2016-05,11:29:27,84000
2016-05,11:29:28,84000
2016-05,11:29:29,84000
2016-05,11:29:30,84000
2016-05,11:29:31,84000
2016-05,11:29:32,84000
2016-05,11:29:33,84000
2016-05,11:29:34,84000
2016-05,11:29:35,84000
2016-05,11:29:36,84000
2016-05,11:29:37,84000
2016-05,11:29:38,84000
2016-05,11:29:39,84000
2016-05,11:29:40,84000
2016-05,11:29:41,84000
2016-05,11:29:42,84000
2016-05,11:29:43,84000
2016-05,11:29:44,84100
2016-05,11:29:45,84100
2016-05,11:29:46,84200
2016-05,11:29:47,84300
2016-05,11:29:48,84300
2016-05,11:29:49,84300
2016-05,11:29:50,84400
2016-05,11:29:51,84400
2016-05,11:29:52,84400
2016-05,11:29:53,84500
2016-05,11:29:54,84500
2016-05,11:29:55,84600
2016-05,11:29:56,84700
2016-05,11:29:57,84800
2016-05,11:29:58,84900
2016-05,11:29:59,84900
2016-05,11:30:00,85000
2016-06,11:29:00,83500
2016-06,11:29:01,83500
2016-06,11:29:02,83500
2016-06,11:29:03,83500
2016-06,11:29:04,83500
2016-06,11:29:05,83500
2016-06,11:29:06,83600
2016-06,11:29:07,83600
2016-06,11:29:08,83600
2016-06,11:29:09,83700
2016-06,11:29:10,83700
2016-06,11:29:11,83700
2016-06,11:29:12,83700
2016-06,11:29:13,83700
2016-06,11:29:14,83700
2016-06,11:29:15,83700
2016-06,11:29:16,83700
2016-06,11:29:17,83700
2016-06,11:29:18,83700
2016-06,11:29:19,83700
2016-06,11:29:20,83700
2016-06,11:29:21,83800
2016-06,11:29:22,83800
2016-06,11:29:23,83800
2016-06,11:29:24,83800
2016-06,11:29:25,83800
2016-06,11:29:26,83800
2016-06,11:29:27,83800
2016-06,11:29:28,83800
2016-06,11:29:29,83800
2016-06,11:29:30,83800
2016-06,11:29:31,83800
2016-06,11:29:32,83800
2016-06,11:29:33,83800
2016-06,11:29:34,83900
2016-06,11:29:35,83900
2016-06,11:29:36,84000
2016-06,11:29:37,84000
2016-06,11:29:38,84000
2016-06,11:29:39,84000
2016-06,11:29:40,84000
2016-06,11:29:41,84000
2016-06,11:29:42,84000
2016-06,11:29:43,84100
2016-06,11:29:44,84100
2016-06,11:29:45,84100
2016-06,11:29:46,84100
2016-06,11:29:47,84100
2016-06,11:29:48,84100
2016-06,11:29:49,84100
2016-06,11:29:50,84100
2016-06,11:29:51,84100
2016-06,11:29:52,84100
2016-06,11:29:53,84200
2016-06,11:29:54,84200
2016-06,11:29:55,84200
2016-06,11:29:56,84300
2016-06,11:29:57,84300
2016-06,11:29:58,84300
2016-06,11:29:59,84300
2016-06,11:30:00,84400
2016-07,11:29:00,85400
2016-07,11:29:01,85400
2016-07,11:29:02,85400
2016-07,11:29:03,85400
2016-07,11:29:04,85400
2016-07,11:29:05,85400
2016-07,11:29:06,85400
2016-07,11:29:07,85400
2016-07,11:29:08,85400
2016-07,11:29:09,85500
2016-07,11:29:10,85500
2016-07,11:29:11,85600
2016-07,11:29:12,85700
2016-07,11:29:13,85700
2016-07,11:29:14,85700
2016-07,11:29:15,85700
2016-07,11:29:16,85700
2016-07,11:29:17,85700
2016-07,11:29:18,85700
2016-07,11:29:19,85700
2016-07,11:29:20,85700
2016-07,11:29:21,85700
2016-07,11:29:22,85700
2016-07,11:29:23,85700
2016-07,11:29:24,85700
2016-07,11:29:25,85700
2016-07,11:29:26,85700
2016-07,11:29:27,85700
2016-07,11:29:28,85700
2016-07,11:29:29,85700
2016-07,11:29:30,85700
2016-07,11:29:31,85700
2016-07,11:29:32,85800
2016-07,11:29:33,85800
2016-07,11:29:34,85800
2016-07,11:29:35,85900
2016-07,11:29:36,85900
2016-07,11:29:37,86000
2016-07,11:29:38,86000
2016-07,11:29:39,86000
2016-07,11:29:40,86100
2016-07,11:29:41,86100
2016-07,11:29:42,86200
2016-07,11:29:43,86300
2016-07,11:29:44,86300
2016-07,11:29:45,86300
2016-07,11:29:46,86400
2016-07,11:29:47,86500
2016-07,11:29:48,86500
2016-07,11:29:49,86600
2016-07,11:29:50,86600
2016-07,11:29:51,86600
2016-07,11:29:52,86700
2016-07,11:29:53,86800
2016-07,11:29:54,86900
2016-07,11:29:55,86900
2016-07,11:29:56,87000
2016-07,11:29:57,87100
2016-07,11:29:58,87100
2016-07,11:29:59,87200
2016-07,11:30:00,87200
2016-08,11:29:00,85400
2016-08,11:29:01,85400
2016-08,11:29:02,85400
2016-08,11:29:03,85400
2016-08,11:29:04,85400
2016-08,11:29:05,85400
2016-08,11:29:06,85400
2016-08,11:29:07,85400
2016-08,11:29:08,85400
2016-08,11:29:09,85400
2016-08,11:29:10,85400
2016-08,11:29:11,85400
2016-08,11:29:12,85400
2016-08,11:29:13,85400
2016-08,11:29:14,85400
2016-08,11:29:15,85500
2016-08,11:29:16,85500
2016-08,11:29:17,85600
2016-08,11:29:18,85600
2016-08,11:29:19,85700
2016-08,11:29:20,85700
2016-08,11:29:21,85700
2016-08,11:29:22,85700
2016-08,11:29:23,85700
2016-08,11:29:24,85700
2016-08,11:29:25,85700
2016-08,11:29:26,85700
2016-08,11:29:27,85700
2016-08,11:29:28,85700
2016-08,11:29:29,85700
2016-08,11:29:30,85700
2016-08,11:29:31,85700
2016-08,11:29:32,85700
2016-08,11:29:33,85700
2016-08,11:29:34,85700
2016-08,11:29:35,85700
2016-08,11:29:36,85700
2016-08,11:29:37,85700
2016-08,11:29:38,85700
2016-08,11:29:39,85700
2016-08,11:29:40,85700
2016-08,11:29:41,85800
2016-08,11:29:42,85800
2016-08,11:29:43,85900
2016-08,11:29:44,86000
2016-08,11:29:45,86000
2016-08,11:29:46,86100
2016-08,11:29:47,86200
2016-08,11:29:48,86200
2016-08,11:29:49,86200
2016-08,11:29:50,86300
2016-08,11:29:51,86300
2016-08,11:29:52,86300
2016-08,11:29:53,86300
2016-08,11:29:54,86400
2016-08,11:29:55,86400
2016-08,11:29:56,86500
2016-08,11:29:57,86600
2016-08,11:29:58,86700
2016-08,11:29:59,86800
2016-08,11:30:00,86900
2016-09,11:29:00,85100
2016-09,11:29:01,85100
2016-09,11:29:02,85100
2016-09,11:29:03,85100
2016-09,11:29:04,85100
2016-09,11:29:05,85100
2016-09,11:29:06,85200
2016-09,11:29:07,85200
2016-09,11:29:08,85200
2016-09,11:29:09,85300
2016-09,11:29:10,85300
2016-09,11:29:11,85400
2016-09,11:29:12,85400
2016-09,11:29:13,85400
2016-09,11:29:14,85400
2016-09,11:29:15,85400
2016-09,11:29:16,85400
2016-09,11:29:17,85400
2016-09,11:29:18,85400
2016-09,11:29:19,85400
2016-09,11:29:20,85400
2016-09,11:29:21,85400
2016-09,11:29:22,85400
2016-09,11:29:23,85400
2016-09,11:29:24,85400
2016-09,11:29:25,85400
2016-09,11:29:26,85400
2016-09,11:29:27,85400
2016-09,11:29:28,85400
2016-09,11:29:29,85400
2016-09,11:29:30,85400
2016-09,11:29:31,85400
2016-09,11:29:32,85400
2016-09,11:29:33,85400
2016-09,11:29:34,85400
2016-09,11:29:35,85400
2016-09,11:29:36,85400
2016-09,11:29:37,85400
2016-09,11:29:38,85400
2016-09,11:29:39,85400
2016-09,11:29:40,85400
2016-09,11:29:41,85400
2016-09,11:29:42,85400
2016-09,11:29:43,85400
2016-09,11:29:44,85500
2016-09,11:29:45,85600
2016-09,11:29:46,85700
2016-09,11:29:47,85700
2016-09,11:29:48,85900
2016-09,11:29:49,85900
2016-09,11:29:50,85900
2016-09,11:29:51,85900
2016-09,11:29:52,86000
2016-09,11:29:53,86000
2016-09,11:29:54,86000
2016-09,11:29:55,86000
2016-09,11:29:56,86100
2016-09,11:29:57,86200
2016-09,11:29:58,86200
2016-09,11:29:59,86300
2016-09,11:30:00,86500
2016-10,11:29:00,87200
2016-10,11:29:01,87200
2016-10,11:29:02,87200
2016-10,11:29:03,87200
2016-10,11:29:04,87200
2016-10,11:29:05,87200
2016-10,11:29:06,87200
2016-10,11:29:07,87200
2016-10,11:29:08,87300
2016-10,11:29:09,87300
2016-10,11:29:10,87300
2016-10,11:29:11,87400
2016-10,11:29:12,87400
2016-10,11:29:13,87400
2016-10,11:29:14,87400
2016-10,11:29:15,87400
2016-10,11:29:16,87400
2016-10,11:29:17,87400
2016-10,11:29:18,87400
2016-10,11:29:19,87400
2016-10,11:29:20,87400
2016-10,11:29:21,87400
2016-10,11:29:22,87400
2016-10,11:29:23,87400
2016-10,11:29:24,87400
2016-10,11:29:25,87400
2016-10,11:29:26,87400
2016-10,11:29:27,87400
2016-10,11:29:28,87400
2016-10,11:29:29,87400
2016-10,11:29:30,87400
2016-10,11:29:31,87400
2016-10,11:29:32,87400
2016-10,11:29:33,87400
2016-10,11:29:34,87400
2016-10,11:29:35,87500
2016-10,11:29:36,87500
2016-10,11:29:37,87500
2016-10,11:29:38,87500
2016-10,11:29:39,87500
2016-10,11:29:40,87500
2016-10,11:29:41,87500
2016-10,11:29:42,87500
2016-10,11:29:43,87600
2016-10,11:29:44,87700
2016-10,11:29:45,87700
2016-10,11:29:46,87900
2016-10,11:29:47,87900
2016-10,11:29:48,88000
2016-10,11:29:49,88000
2016-10,11:29:50,88000
2016-10,11:29:51,88000
2016-10,11:29:52,88000
2016-10,11:29:53,88000
2016-10,11:29:54,88000
2016-10,11:29:55,88100
2016-10,11:29:56,88100
2016-10,11:29:57,88100
2016-10,11:29:58,88100
2016-10,11:29:59,88200
2016-10,11:30:00,88300
2016-11,11:29:00,87300
2016-11,11:29:01,87400
2016-11,11:29:02,87400
2016-11,11:29:03,87400
2016-11,11:29:04,87400
2016-11,11:29:05,87400
2016-11,11:29:06,87400
2016-11,11:29:07,87400
2016-11,11:29:08,87400
2016-11,11:29:09,87400
2016-11,11:29:10,87400
2016-11,11:29:11,87400
2016-11,11:29:12,87400
2016-11,11:29:13,87400
2016-11,11:29:14,87400
2016-11,11:29:15,87400
2016-11,11:29:16,87400
2016-11,11:29:17,87400
2016-11,11:29:18,87400
2016-11,11:29:19,87400
2016-11,11:29:20,87400
2016-11,11:29:21,87400
2016-11,11:29:22,87400
2016-11,11:29:23,87400
2016-11,11:29:24,87400
2016-11,11:29:25,87400
2016-11,11:29:26,87400
2016-11,11:29:27,87400
2016-11,11:29:28,87400
2016-11,11:29:29,87400
2016-11,11:29:30,87500
2016-11,11:29:31,87500
2016-11,11:29:32,87500
2016-11,11:29:33,87500
2016-11,11:29:34,87500
2016-11,11:29:35,87600
2016-11,11:29:36,87600
2016-11,11:29:37,87600
2016-11,11:29:38,87600
2016-11,11:29:39,87700
2016-11,11:29:40,87700
2016-11,11:29:41,87700
2016-11,11:29:42,87700
2016-11,11:29:43,87700
2016-11,11:29:44,87700
2016-11,11:29:45,87700
2016-11,11:29:46,87700
2016-11,11:29:47,87700
2016-11,11:29:48,87800
2016-11,11:29:49,87800
2016-11,11:29:50,88000
2016-11,11:29:51,88000
2016-11,11:29:52,88100
2016-11,11:29:53,88100
2016-11,11:29:54,88200
2016-11,11:29:55,88300
2016-11,11:29:56,88400
2016-11,11:29:57,88500
2016-11,11:29:58,88500
2016-11,11:29:59,88600
2016-11,11:30:00,88600
2016-12,11:29:00,87100
2016-12,11:29:01,87100
2016-12,11:29:02,87100
2016-12,11:29:03,87100
2016-12,11:29:04,87100
2016-12,11:29:05,87100
2016-12,11:29:06,87100
2016-12,11:29:07,87100
2016-12,11:29:08,87200
2016-12,11:29:09,87200
2016-12,11:29:10,87300
2016-12,11:29:11,87300
2016-12,11:29:12,87400
2016-12,11:29:13,87400
2016-12,11:29:14,87400
2016-12,11:29:15,87400
2016-12,11:29:16,87400
2016-12,11:29:17,87400
2016-12,11:29:18,87400
2016-12,11:29:19,87400
2016-12,11:29:20,87400
2016-12,11:29:21,87400
2016-12,11:29:22,87400
2016-12,11:29:23,87400
2016-12,11:29:24,87400
2016-12,11:29:25,87400
2016-12,11:29:26,87400
2016-12,11:29:27,87400
2016-12,11:29:28,87400
2016-12,11:29:29,87400
2016-12,11:29:30,87400
2016-12,11:29:31,87400
2016-12,11:29:32,87400
2016-12,11:29:33,87400
2016-12,11:29:34,87400
2016-12,11:29:35,87400
2016-12,11:29:36,87400
2016-12,11:29:37,87400
2016-12,11:29:38,87400
2016-12,11:29:39,87400
2016-12,11:29:40,87400
2016-12,11:29:41,87400
2016-12,11:29:42,87400
2016-12,11:29:43,87400
2016-12,11:29:44,87500
2016-12,11:29:45,87600
2016-12,11:29:46,87700
2016-12,11:29:47,87700
2016-12,11:29:48,87800
2016-12,11:29:49,87800
2016-12,11:29:50,87900
2016-12,11:29:51,87900
2016-12,11:29:52,87900
2016-12,11:29:53,87900
2016-12,11:29:54,88000
2016-12,11:29:55,88000
2016-12,11:29:56,88000
2016-12,11:29:57,88100
2016-12,11:29:58,88100
2016-12,11:29:59,88200
2016-12,11:30:00,88300
2017-01,11:29:00,86300
2017-01,11:29:01,86300
2017-01,11:29:02,86300
2017-01,11:29:03,86300
2017-01,11:29:04,86300
2017-01,11:29:05,86300
2017-01,11:29:06,86400
2017-01,11:29:07,86400
2017-01,11:29:08,86400
2017-01,11:29:09,86500
2017-01,11:29:10,86500
2017-01,11:29:11,86600
2017-01,11:29:12,86600
2017-01,11:29:13,86600
2017-01,11:29:14,86600
2017-01,11:29:15,86600
2017-01,11:29:16,86600
2017-01,11:29:17,86600
2017-01,11:29:18,86600
2017-01,11:29:19,86600
2017-01,11:29:20,86600
2017-01,11:29:21,86600
2017-01,11:29:22,86600
2017-01,11:29:23,86600
2017-01,11:29:24,86600
2017-01,11:29:25,86600
2017-01,11:29:26,86600
2017-01,11:29:27,86600
2017-01,11:29:28,86600
2017-01,11:29:29,86600
2017-01,11:29:30,86600
2017-01,11:29:31,86600
2017-01,11:29:32,86600
2017-01,11:29:33,86600
2017-01,11:29:34,86600
2017-01,11:29:35,86600
2017-01,11:29:36,86600
2017-01,11:29:37,86600
2017-01,11:29:38,86600
2017-01,11:29:39,86600
2017-01,11:29:40,86600
2017-01,11:29:41,86600
2017-01,11:29:42,86700
2017-01,11:29:43,86800
2017-01,11:29:44,86900
2017-01,11:29:45,86900
2017-01,11:29:46,86900
2017-01,11:29:47,87000
2017-01,11:29:48,87000
2017-01,11:29:49,87000
2017-01,11:29:50,87100
2017-01,11:29:51,87100
2017-01,11:29:52,87100
2017-01,11:29:53,87100
2017-01,11:29:54,87100
2017-01,11:29:55,87200
2017-01,11:29:56,87200
2017-01,11:29:57,87300
2017-01,11:29:58,87400
2017-01,11:29:59,87500
2017-01,11:30:00,87600
2017-02,11:29:00,86600
2017-02,11:29:01,86600
2017-02,11:29:02,86600
2017-02,11:29:03,86600
2017-02,11:29:04,86600
2017-02,11:29:05,86600
2017-02,11:29:06,86600
2017-02,11:29:07,86600
2017-02,11:29:08,86600
2017-02,11:29:09,86700
2017-02,11:29:10,86700
2017-02,11:29:11,86700
2017-02,11:29:12,86800
2017-02,11:29:13,86800
2017-02,11:29:14,86800
2017-02,11:29:15,86900
2017-02,11:29:16,86900
2017-02,11:29:17,86900
2017-02,11:29:18,86900
2017-02,11:29:19,86900
2017-02,11:29:20,86900
2017-02,11:29:21,86900
2017-02,11:29:22,86900
2017-02,11:29:23,86900
2017-02,11:29:24,86900
2017-02,11:29:25,86900
2017-02,11:29:26,86900
2017-02,11:29:27,86900
2017-02,11:29:28,86900
2017-02,11:29:29,86900
2017-02,11:29:30,86900
2017-02,11:29:31,86900
2017-02,11:29:32,86900
2017-02,11:29:33,86900
2017-02,11:29:34,86900
2017-02,11:29:35,86900
2017-02,11:29:36,86900
2017-02,11:29:37,86900
2017-02,11:29:38,87000
2017-02,11:29:39,87000
2017-02,11:29:40,87000
2017-02,11:29:41,87100
2017-02,11:29:42,87200
2017-02,11:29:43,87200
2017-02,11:29:44,87200
2017-02,11:29:45,87300
2017-02,11:29:46,87400
2017-02,11:29:47,87400
2017-02,11:29:48,87500
2017-02,11:29:49,87500
2017-02,11:29:50,87500
2017-02,11:29:51,87600
2017-02,11:29:52,87600
2017-02,11:29:53,87700
2017-02,11:29:54,87800
2017-02,11:29:55,87900
2017-02,11:29:56,88000
2017-02,11:29:57,88100
2017-02,11:29:58,88100
2017-02,11:29:59,88200
2017-02,11:30:00,88200
2017-03,11:29:00,86600
2017-03,11:29:01,86600
2017-03,11:29:02,86600
2017-03,11:29:03,86600
2017-03,11:29:04,86600
2017-03,11:29:05,86600
2017-03,11:29:06,86600
2017-03,11:29:07,86600
2017-03,11:29:08,86600
2017-03,11:29:09,86600
2017-03,11:29:10,86600
2017-03,11:29:11,86600
2017-03,11:29:12,86600
2017-03,11:29:13,86600
2017-03,11:29:14,86600
2017-03,11:29:15,86600
2017-03,11:29:16,86600
2017-03,11:29:17,86600
2017-03,11:29:18,86700
2017-03,11:29:19,86700
2017-03,11:29:20,86700
2017-03,11:29:21,86800
2017-03,11:29:22,86800
2017-03,11:29:23,86800
2017-03,11:29:24,86900
2017-03,11:29:25,86900
2017-03,11:29:26,86900
2017-03,11:29:27,86900
2017-03,11:29:28,86900
2017-03,11:29:29,86900
2017-03,11:29:30,86900
2017-03,11:29:31,86900
2017-03,11:29:32,86900
2017-03,11:29:33,86900
2017-03,11:29:34,86900
2017-03,11:29:35,86900
2017-03,11:29:36,86900
2017-03,11:29:37,86900
2017-03,11:29:38,86900
2017-03,11:29:39,86900
2017-03,11:29:40,86900
2017-03,11:29:41,86900
2017-03,11:29:42,86900
2017-03,11:29:43,86900
2017-03,11:29:44,86900
2017-03,11:29:45,86900
2017-03,11:29:46,86900
2017-03,11:29:47,86900
2017-03,11:29:48,86900
2017-03,11:29:49,87000
2017-03,11:29:50,87100
2017-03,11:29:51,87200
2017-03,11:29:52,87200
2017-03,11:29:53,87300
2017-03,11:29:54,87400
2017-03,11:29:55,87500
2017-03,11:29:56,87600
2017-03,11:29:57,87700
2017-03,11:29:58,87700
2017-03,11:29:59,87800
2017-03,11:30:00,87800
2017-04,11:29:00,88500
2017-04,11:29:01,88500
2017-04,11:29:02,88500
2017-04,11:29:03,88500
2017-04,11:29:04,88500
2017-04,11:29:05,88500
2017-04,11:29:06,88500
2017-04,11:29:07,88500
2017-04,11:29:08,88500
2017-04,11:29:09,88500
2017-04,11:29:10,88500
2017-04,11:29:11,88500
2017-04,11:29:12,88500
2017-04,11:29:13,88500
2017-04,11:29:14,88500
2017-04,11:29:15,88500
2017-04,11:29:16,88500
2017-04,11:29:17,88500
2017-04,11:29:18,88600
2017-04,11:29:19,88600
2017-04,11:29:20,88600
2017-04,11:29:21,88600
2017-04,11:29:22,88600
2017-04,11:29:23,88700
2017-04,11:29:24,88700
2017-04,11:29:25,88700
2017-04,11:29:26,88800
2017-04,11:29:27,88800
2017-04,11:29:28,88800
2017-04,11:29:29,88800
2017-04,11:29:30,88800
2017-04,11:29:31,88800
2017-04,11:29:32,88800
2017-04,11:29:33,88800
2017-04,11:29:34,88800
2017-04,11:29:35,88800
2017-04,11:29:36,88800
2017-04,11:29:37,88800
2017-04,11:29:38,88800
2017-04,11:29:39,88800
2017-04,11:29:40,88800
2017-04,11:29:41,88800
2017-04,11:29:42,88900
2017-04,11:29:43,88900
2017-04,11:29:44,89000
2017-04,11:29:45,89100
2017-04,11:29:46,89100
2017-04,11:29:47,89100
2017-04,11:29:48,89200
2017-04,11:29:49,89200
2017-04,11:29:50,89200
2017-04,11:29:51,89200
2017-04,11:29:52,89200
2017-04,11:29:53,89300
2017-04,11:29:54,89300
2017-04,11:29:55,89400
2017-04,11:29:56,89400
2017-04,11:29:57,89500
2017-04,11:29:58,89500
2017-04,11:29:59,89600
2017-04,11:30:00,89800
2017-05,11:29:00,88500
2017-05,11:29:01,88500
2017-05,11:29:02,88500
2017-05,11:29:03,88500
2017-05,11:29:04,88500
2017-05,11:29:05,88500
2017-05,11:29:06,88500
2017-05,11:29:07,88500
2017-05,11:29:08,88600
2017-05,11:29:09,88600
2017-05,11:29:10,88600
2017-05,11:29:11,88600
2017-05,11:29:12,88600
2017-05,11:29:13,88700
2017-05,11:29:14,88700
2017-05,11:29:15,88800
2017-05,11:29:16,88800
2017-05,11:29:17,88800
2017-05,11:29:18,88800
2017-05,11:29:19,88800
2017-05,11:29:20,88800
2017-05,11:29:21,88800
2017-05,11:29:22,88800
2017-05,11:29:23,88800
2017-05,11:29:24,88800
2017-05,11:29:25,88800
2017-05,11:29:26,88800
2017-05,11:29:27,88800
2017-05,11:29:28,88800
2017-05,11:29:29,88800
2017-05,11:29:30,88800
2017-05,11:29:31,88800
2017-05,11:29:32,88800
2017-05,11:29:33,88800
2017-05,11:29:34,88900
2017-05,11:29:35,88900
2017-05,11:29:36,88900
2017-05,11:29:37,89000
2017-05,11:29:38,89100
2017-05,11:29:39,89100
2017-05,11:29:40,89100
2017-05,11:29:41,89100
2017-05,11:29:42,89100
2017-05,11:29:43,89100
2017-05,11:29:44,89200
2017-05,11:29:45,89200
2017-05,11:29:46,89300
2017-05,11:29:47,89300
2017-05,11:29:48,89400
2017-05,11:29:49,89400
2017-05,11:29:50,89500
2017-05,11:29:51,89500
2017-05,11:29:52,89600
2017-05,11:29:53,89600
2017-05,11:29:54,89700
2017-05,11:29:55,89800
2017-05,11:29:56,89900
2017-05,11:29:57,90000
2017-05,11:29:58,90100
2017-05,11:29:59,90100
2017-05,11:30:00,90100
2017-06,11:29:00,88400
2017-06,11:29:01,88500
2017-06,11:29:02,88500
2017-06,11:29:03,88500
2017-06,11:29:04,88500
2017-06,11:29:05,88500
2017-06,11:29:06,88500
2017-06,11:29:07,88500
2017-06,11:29:08,88500
2017-06,11:29:09,88500
2017-06,11:29:10,88500
2017-06,11:29:11,88500
2017-06,11:29:12,88500
2017-06,11:29:13,88500
2017-06,11:29:14,88500
2017-06,11:29:15,88500
2017-06,11:29:16,88500
2017-06,11:29:17,88500
2017-06,11:29:18,88500
2017-06,11:29:19,88600
2017-06,11:29:20,88600
2017-06,11:29:21,88600
2017-06,11:29:22,88600
2017-06,11:29:23,88600
2017-06,11:29:24,88600
2017-06,11:29:25,88700
2017-06,11:29:26,88700
2017-06,11:29:27,88700
2017-06,11:29:28,88700
2017-06,11:29:29,88700
2017-06,11:29:30,88800
2017-06,11:29:31,88800
2017-06,11:29:32,88800
2017-06,11:29:33,88800
2017-06,11:29:34,88800
2017-06,11:29:35,88800
2017-06,11:29:36,88800
2017-06,11:29:37,88800
2017-06,11:29:38,88800
2017-06,11:29:39,88800
2017-06,11:29:40,88800
2017-06,11:29:41,88900
2017-06,11:29:42,88900
2017-06,11:29:43,89000
2017-06,11:29:44,89000
2017-06,11:29:45,89100
2017-06,11:29:46,89100
2017-06,11:29:47,89100
2017-06,11:29:48,89100
2017-06,11:29:49,89100
2017-06,11:29:50,89100
2017-06,11:29:51,89100
2017-06,11:29:52,89100
2017-06,11:29:53,89200
2017-06,11:29:54,89200
2017-06,11:29:55,89200
2017-06,11:29:56,89200
2017-06,11:29:57,89300
2017-06,11:29:58,89300
2017-06,11:29:59,89300
2017-06,11:30:00,89400
2017-07,11:29:00,90400
2017-07,11:29:01,90400
2017-07,11:29:02,90400
2017-07,11:29:03,90400
2017-07,11:29:04,90400
2017-07,11:29:05,90400
2017-07,11:29:06,90400
2017-07,11:29:07,90400
2017-07,11:29:08,90400
2017-07,11:29:09,90400
2017-07,11:29:10,90500
2017-07,11:29:11,90500
2017-07,11:29:12,90500
2017-07,11:29:13,90600
2017-07,11:29:14,90600
2017-07,11:29:15,90600
2017-07,11:29:16,90700
2017-07,11:29:17,90700
2017-07,11:29:18,90700
2017-07,11:29:19,90700
2017-07,11:29:20,90700
2017-07,11:29:21,90700
2017-07,11:29:22,90700
2017-07,11:29:23,90700
2017-07,11:29:24,90700
2017-07,11:29:25,90700
2017-07,11:29:26,90700
2017-07,11:29:27,90700
2017-07,11:29:28,90700
2017-07,11:29:29,90700
2017-07,11:29:30,90700
2017-07,11:29:31,90700
2017-07,11:29:32,90700
2017-07,11:29:33,90700
2017-07,11:29:34,90700
2017-07,11:29:35,90800
2017-07,11:29:36,90800
2017-07,11:29:37,90900
2017-07,11:29:38,91000
2017-07,11:29:39,91000
2017-07,11:29:40,91000
2017-07,11:29:41,91000
2017-07,11:29:42,91000
2017-07,11:29:43,91000
2017-07,11:29:44,91100
2017-07,11:29:45,91100
2017-07,11:29:46,91200
2017-07,11:29:47,91300
2017-07,11:29:48,91400
2017-07,11:29:49,91400
2017-07,11:29:50,91500
2017-07,11:29:51,91600
2017-07,11:29:52,91700
2017-07,11:29:53,91800
2017-07,11:29:54,91900
2017-07,11:29:55,92000
2017-07,11:29:56,92100
2017-07,11:29:57,92100
2017-07,11:29:58,92100
2017-07,11:29:59,92200
2017-07,11:30:00,92200
