ts,bid
2015-06-01 11:29,77700
2015-06-01 11:29,77700
2015-06-01 11:29,77800
2015-06-01 11:29,77800
2015-06-01 11:29,77900
2015-06-01 11:29,77900
2015-06-01 11:29,77900
2015-06-01 11:29,77900
2015-06-01 11:29,78000
2015-06-01 11:29,78000
2015-06-01 11:29,78000
2015-06-01 11:29,78000
2015-06-01 11:29,78000
2015-06-01 11:29,78000
2015-06-01 11:29,78100
2015-06-01 11:29,78100
2015-06-01 11:29,78100
2015-06-01 11:29,78100
2015-06-01 11:29,78100
2015-06-01 11:29,78200
2015-06-01 11:29,78200
2015-06-01 11:29,78300
2015-06-01 11:29,78300
2015-06-01 11:29,78300
2015-06-01 11:29,78400
2015-06-01 11:29,78400
2015-06-01 11:29,78500
2015-06-01 11:29,78500
2015-06-01 11:29,78500
2015-06-01 11:29,78600
2015-06-01 11:29,78600
2015-06-01 11:29,78600
2015-06-01 11:29,78700
2015-06-01 11:29,78700
2015-06-01 11:29,78700
2015-06-01 11:29,78800
2015-06-01 11:29,78900
2015-06-01 11:29,79000
2015-06-01 11:29,79000
2015-06-01 11:29,79100
2015-06-01 11:29,79100
2015-06-01 11:29,79100
2015-06-01 11:29,79200
2015-06-01 11:29,79200
2015-06-01 11:29,79200
2015-06-01 11:29,79300
2015-06-01 11:29,79400
2015-06-01 11:29,79400
2015-06-01 11:29,79500
2015-06-01 11:29,79500
2015-06-01 11:29,79500
2015-06-01 11:29,79600
2015-06-01 11:29,79600
2015-06-01 11:29,79700
2015-06-01 11:29,79700
2015-06-01 11:29,79700
2015-06-01 11:29,79800
2015-06-01 11:29,79900
2015-06-01 11:29,79900
2015-06-01 11:29,79900
2015-06-01 11:30,80000
2015-07-01 11:29,81400
2015-07-01 11:29,81400
2015-07-01 11:29,81400
2015-07-01 11:29,81400
2015-07-01 11:29,81400
2015-07-01 11:29,81400
2015-07-01 11:29,81400
2015-07-01 11:29,81400
2015-07-01 11:29,81400
2015-07-01 11:29,81500
2015-07-01 11:29,81500
2015-07-01 11:29,81500
2015-07-01 11:29,81600
2015-07-01 11:29,81600
2015-07-01 11:29,81600
2015-07-01 11:29,81700
2015-07-01 11:29,81700
2015-07-01 11:29,81700
2015-07-01 11:29,81700
2015-07-01 11:29,81700
2015-07-01 11:29,81700
2015-07-01 11:29,81800
2015-07-01 11:29,81800
2015-07-01 11:29,81800
2015-07-01 11:29,81800
2015-07-01 11:29,81900
2015-07-01 11:29,81900
2015-07-01 11:29,82000
2015-07-01 11:29,82000
2015-07-01 11:29,82000
2015-07-01 11:29,82000
2015-07-01 11:29,82000
2015-07-01 11:29,82000
2015-07-01 11:29,82000
2015-07-01 11:29,82100
2015-07-01 11:29,82100
2015-07-01 11:29,82100
2015-07-01 11:29,82200
2015-07-01 11:29,82200
2015-07-01 11:29,82300
2015-07-01 11:29,82300
2015-07-01 11:29,82300
2015-07-01 11:29,82400
2015-07-01 11:29,82400
2015-07-01 11:29,82500
2015-07-01 11:29,82500
2015-07-01 11:29,82500
2015-07-01 11:29,82600
2015-07-01 11:29,82600
2015-07-01 11:29,82600
2015-07-01 11:29,82700
2015-07-01 11:29,82800
2015-07-01 11:29,82800
2015-07-01 11:29,82800
2015-07-01 11:29,82900
2015-07-01 11:29,83000
2015-07-01 11:29,83000
2015-07-01 11:29,83000
2015-07-01 11:29,83000
2015-07-01 11:29,83100
2015-07-01 11:30,83100
2015-08-01 11:29,81100
2015-08-01 11:29,81100
2015-08-01 11:29,81100
2015-08-01 11:29,81100
2015-08-01 11:29,81100
2015-08-01 11:29,81100
2015-08-01 11:29,81100
2015-08-01 11:29,81100
2015-08-01 11:29,81100
2015-08-01 11:29,81100
2015-08-01 11:29,81100
2015-08-01 11:29,81200
2015-08-01 11:29,81200
2015-08-01 11:29,81200
2015-08-01 11:29,81300
2015-08-01 11:29,81300
2015-08-01 11:29,81300
2015-08-01 11:29,81400
2015-08-01 11:29,81400
2015-08-01 11:29,81400
2015-08-01 11:29,81400
2015-08-01 11:29,81400
2015-08-01 11:29,81400
2015-08-01 11:29,81400
2015-08-01 11:29,81400
2015-08-01 11:29,81400
2015-08-01 11:29,81400
2015-08-01 11:29,81400
2015-08-01 11:29,81500
2015-08-01 11:29,81500
2015-08-01 11:29,81500
2015-08-01 11:29,81500
2015-08-01 11:29,81600
2015-08-01 11:29,81600
2015-08-01 11:29,81600
2015-08-01 11:29,81700
2015-08-01 11:29,81700
2015-08-01 11:29,81700
2015-08-01 11:29,81700
2015-08-01 11:29,81800
2015-08-01 11:29,81800
2015-08-01 11:29,81800
2015-08-01 11:29,81800
2015-08-01 11:29,81900
2015-08-01 11:29,81900
2015-08-01 11:29,81900
2015-08-01 11:29,82000
2015-08-01 11:29,82000
2015-08-01 11:29,82000
2015-08-01 11:29,82000
2015-08-01 11:29,82100
2015-08-01 11:29,82100
2015-08-01 11:29,82200
2015-08-01 11:29,82200
2015-08-01 11:29,82300
2015-08-01 11:29,82400
2015-08-01 11:29,82500
2015-08-01 11:29,82500
2015-08-01 11:29,82500
2015-08-01 11:29,82600
2015-08-01 11:30,82600
2015-09-01 11:29,80800
2015-09-01 11:29,80800
2015-09-01 11:29,80800
2015-09-01 11:29,80900
2015-09-01 11:29,80900
2015-09-01 11:29,80900
2015-09-01 11:29,80900
2015-09-01 11:29,81000
2015-09-01 11:29,81000
2015-09-01 11:29,81000
2015-09-01 11:29,81100
2015-09-01 11:29,81100
2015-09-01 11:29,81100
2015-09-01 11:29,81100
2015-09-01 11:29,81100
2015-09-01 11:29,81100
2015-09-01 11:29,81100
2015-09-01 11:29,81100
2015-09-01 11:29,81100
2015-09-01 11:29,81100
2015-09-01 11:29,81100
2015-09-01 11:29,81100
2015-09-01 11:29,81100
2015-09-01 11:29,81100
2015-09-01 11:29,81100
2015-09-01 11:29,81100
2015-09-01 11:29,81100
2015-09-01 11:29,81100
2015-09-01 11:29,81100
2015-09-01 11:29,81200
2015-09-01 11:29,81200
2015-09-01 11:29,81200
2015-09-01 11:29,81300
2015-09-01 11:29,81300
2015-09-01 11:29,81400
2015-09-01 11:29,81400
2015-09-01 11:29,81400
2015-09-01 11:29,81400
2015-09-01 11:29,81400
2015-09-01 11:29,81400
2015-09-01 11:29,81400
2015-09-01 11:29,81400
2015-09-01 11:29,81400
2015-09-01 11:29,81400
2015-09-01 11:29,81500
2015-09-01 11:29,81500
2015-09-01 11:29,81500
2015-09-01 11:29,81500
2015-09-01 11:29,81600
2015-09-01 11:29,81600
2015-09-01 11:29,81700
2015-09-01 11:29,81700
2015-09-01 11:29,81700
2015-09-01 11:29,81800
2015-09-01 11:29,81800
2015-09-01 11:29,81800
2015-09-01 11:29,81900
2015-09-01 11:29,82000
2015-09-01 11:29,82000
2015-09-01 11:29,82000
2015-09-01 11:30,82100
2015-10-01 11:29,83800
2015-10-01 11:29,83800
2015-10-01 11:29,83800
2015-10-01 11:29,83800
2015-10-01 11:29,83800
2015-10-01 11:29,83800
2015-10-01 11:29,83800
2015-10-01 11:29,83800
2015-10-01 11:29,83800
2015-10-01 11:29,83900
2015-10-01 11:29,83900
2015-10-01 11:29,83900
2015-10-01 11:29,84000
2015-10-01 11:29,84000
2015-10-01 11:29,84000
2015-10-01 11:29,84000
2015-10-01 11:29,84000
2015-10-01 11:29,84100
2015-10-01 11:29,84100
2015-10-01 11:29,84100
2015-10-01 11:29,84100
2015-10-01 11:29,84100
2015-10-01 11:29,84100
2015-10-01 11:29,84100
2015-10-01 11:29,84100
2015-10-01 11:29,84100
2015-10-01 11:29,84100
2015-10-01 11:29,84100
2015-10-01 11:29,84100
2015-10-01 11:29,84100
2015-10-01 11:29,84200
2015-10-01 11:29,84200
2015-10-01 11:29,84200
2015-10-01 11:29,84300
2015-10-01 11:29,84300
2015-10-01 11:29,84300
2015-10-01 11:29,84400
2015-10-01 11:29,84400
2015-10-01 11:29,84400
2015-10-01 11:29,84400
2015-10-01 11:29,84500
2015-10-01 11:29,84500
2015-10-01 11:29,84500
2015-10-01 11:29,84600
2015-10-01 11:29,84600
2015-10-01 11:29,84600
2015-10-01 11:29,84700
2015-10-01 11:29,84700
2015-10-01 11:29,84800
2015-10-01 11:29,84800
2015-10-01 11:29,84900
2015-10-01 11:29,84900
2015-10-01 11:29,85000
2015-10-01 11:29,85000
2015-10-01 11:29,85100
2015-10-01 11:29,85200
2015-10-01 11:29,85200
2015-10-01 11:29,85300
2015-10-01 11:29,85300
2015-10-01 11:29,85300
2015-10-01 11:30,85300
2015-11-01 11:29,83500
2015-11-01 11:29,83500
2015-11-01 11:29,83500
2015-11-01 11:29,83500
2015-11-01 11:29,83500
2015-11-01 11:29,83500
2015-11-01 11:29,83500
2015-11-01 11:29,83500
2015-11-01 11:29,83500
2015-11-01 11:29,83500
2015-11-01 11:29,83500
2015-11-01 11:29,83600
2015-11-01 11:29,83600
2015-11-01 11:29,83600
2015-11-01 11:29,83600
2015-11-01 11:29,83600
2015-11-01 11:29,83600
2015-11-01 11:29,83600
2015-11-01 11:29,83700
2015-11-01 11:29,83700
2015-11-01 11:29,83800
2015-11-01 11:29,83800
2015-11-01 11:29,83800
2015-11-01 11:29,83800
2015-11-01 11:29,83800
2015-11-01 11:29,83800
2015-11-01 11:29,83800
2015-11-01 11:29,83800
2015-11-01 11:29,83800
2015-11-01 11:29,83800
2015-11-01 11:29,83800
2015-11-01 11:29,83800
2015-11-01 11:29,83800
2015-11-01 11:29,83800
2015-11-01 11:29,83800
2015-11-01 11:29,83800
2015-11-01 11:29,83900
2015-11-01 11:29,83900
2015-11-01 11:29,83900
2015-11-01 11:29,83900
2015-11-01 11:29,84000
2015-11-01 11:29,84000
2015-11-01 11:29,84000
2015-11-01 11:29,84100
2015-11-01 11:29,84100
2015-11-01 11:29,84100
2015-11-01 11:29,84100
2015-11-01 11:29,84100
2015-11-01 11:29,84100
2015-11-01 11:29,84100
2015-11-01 11:29,84100
2015-11-01 11:29,84200
2015-11-01 11:29,84200
2015-11-01 11:29,84300
2015-11-01 11:29,84300
2015-11-01 11:29,84300
2015-11-01 11:29,84400
2015-11-01 11:29,84500
2015-11-01 11:29,84500
2015-11-01 11:29,84600
2015-11-01 11:30,84600
2015-12-01 11:29,83500
2015-12-01 11:29,83500
2015-12-01 11:29,83500
2015-12-01 11:29,83500
2015-12-01 11:29,83500
2015-12-01 11:29,83500
2015-12-01 11:29,83500
2015-12-01 11:29,83500
2015-12-01 11:29,83500
2015-12-01 11:29,83500
2015-12-01 11:29,83500
2015-12-01 11:29,83500
2015-12-01 11:29,83500
2015-12-01 11:29,83500
2015-12-01 11:29,83500
2015-12-01 11:29,83500
2015-12-01 11:29,83600
2015-12-01 11:29,83600
2015-12-01 11:29,83600
2015-12-01 11:29,83600
2015-12-01 11:29,83600
2015-12-01 11:29,83600
2015-12-01 11:29,83600
2015-12-01 11:29,83600
2015-12-01 11:29,83700
2015-12-01 11:29,83700
2015-12-01 11:29,83700
2015-12-01 11:29,83800
2015-12-01 11:29,83800
2015-12-01 11:29,83800
2015-12-01 11:29,83800
2015-12-01 11:29,83800
2015-12-01 11:29,83800
2015-12-01 11:29,83800
2015-12-01 11:29,83800
2015-12-01 11:29,83800
2015-12-01 11:29,83800
2015-12-01 11:29,83800
2015-12-01 11:29,83800
2015-12-01 11:29,83800
2015-12-01 11:29,83800
2015-12-01 11:29,83800
2015-12-01 11:29,83800
2015-12-01 11:29,83900
2015-12-01 11:29,83900
2015-12-01 11:29,83900
2015-12-01 11:29,84000
2015-12-01 11:29,84000
2015-12-01 11:29,84000
2015-12-01 11:29,84100
2015-12-01 11:29,84100
2015-12-01 11:29,84100
2015-12-01 11:29,84100
2015-12-01 11:29,84100
2015-12-01 11:29,84200
2015-12-01 11:29,84200
2015-12-01 11:29,84200
2015-12-01 11:29,84300
2015-12-01 11:29,84400
2015-12-01 11:29,84400
2015-12-01 11:30,84500
2016-01-01 11:29,81500
2016-01-01 11:29,81500
2016-01-01 11:29,81500
2016-01-01 11:29,81500
2016-01-01 11:29,81500
2016-01-01 11:29,81500
2016-01-01 11:29,81500
2016-01-01 11:29,81500
2016-01-01 11:29,81500
2016-01-01 11:29,81500
2016-01-01 11:29,81500
2016-01-01 11:29,81500
2016-01-01 11:29,81500
2016-01-01 11:29,81500
2016-01-01 11:29,81500
2016-01-01 11:29,81500
2016-01-01 11:29,81500
2016-01-01 11:29,81500
2016-01-01 11:29,81500
2016-01-01 11:29,81500
2016-01-01 11:29,81600
2016-01-01 11:29,81600
2016-01-01 11:29,81600
2016-01-01 11:29,81600
2016-01-01 11:29,81600
2016-01-01 11:29,81700
2016-01-01 11:29,81700
2016-01-01 11:29,81700
2016-01-01 11:29,81800
2016-01-01 11:29,81800
2016-01-01 11:29,81800
2016-01-01 11:29,81800
2016-01-01 11:29,81800
2016-01-01 11:29,81800
2016-01-01 11:29,81800
2016-01-01 11:29,81800
2016-01-01 11:29,81800
2016-01-01 11:29,81800
2016-01-01 11:29,81800
2016-01-01 11:29,81800
2016-01-01 11:29,81800
2016-01-01 11:29,81800
2016-01-01 11:29,81800
2016-01-01 11:29,81800
2016-01-01 11:29,81900
2016-01-01 11:29,81900
2016-01-01 11:29,81900
2016-01-01 11:29,82000
2016-01-01 11:29,82000
2016-01-01 11:29,82000
2016-01-01 11:29,82100
2016-01-01 11:29,82100
2016-01-01 11:29,82100
2016-01-01 11:29,82100
2016-01-01 11:29,82200
2016-01-01 11:29,82200
2016-01-01 11:29,82200
2016-01-01 11:29,82200
2016-01-01 11:29,82200
2016-01-01 11:29,82200
2016-01-01 11:30,82200
2016-02-01 11:29,81500
2016-02-01 11:29,81500
2016-02-01 11:29,81500
2016-02-01 11:29,81500
2016-02-01 11:29,81500
2016-02-01 11:29,81500
2016-02-01 11:29,81500
2016-02-01 11:29,81600
2016-02-01 11:29,81600
2016-02-01 11:29,81600
2016-02-01 11:29,81700
2016-02-01 11:29,81700
2016-02-01 11:29,81800
2016-02-01 11:29,81800
2016-02-01 11:29,81800
2016-02-01 11:29,81800
2016-02-01 11:29,81800
2016-02-01 11:29,81800
2016-02-01 11:29,81800
2016-02-01 11:29,81800
2016-02-01 11:29,81800
2016-02-01 11:29,81800
2016-02-01 11:29,81800
2016-02-01 11:29,81800
2016-02-01 11:29,81800
2016-02-01 11:29,81800
2016-02-01 11:29,81800
2016-02-01 11:29,81800
2016-02-01 11:29,81800
2016-02-01 11:29,81800
2016-02-01 11:29,81800
2016-02-01 11:29,81900
2016-02-01 11:29,81900
2016-02-01 11:29,82000
2016-02-01 11:29,82000
2016-02-01 11:29,82100
2016-02-01 11:29,82100
2016-02-01 11:29,82100
2016-02-01 11:29,82100
2016-02-01 11:29,82100
2016-02-01 11:29,82200
2016-02-01 11:29,82200
2016-02-01 11:29,82300
2016-02-01 11:29,82300
2016-02-01 11:29,82400
2016-02-01 11:29,82400
2016-02-01 11:29,82500
2016-02-01 11:29,82600
2016-02-01 11:29,82600
2016-02-01 11:29,82700
2016-02-01 11:29,82700
2016-02-01 11:29,82800
2016-02-01 11:29,82900
2016-02-01 11:29,83000
2016-02-01 11:29,83000
2016-02-01 11:29,83000
2016-02-01 11:29,83100
2016-02-01 11:29,83100
2016-02-01 11:29,83200
2016-02-01 11:29,83200
2016-02-01 11:30,83200
2016-03-01 11:29,81500
2016-03-01 11:29,81500
2016-03-01 11:29,81500
2016-03-01 11:29,81500
2016-03-01 11:29,81500
2016-03-01 11:29,81500
2016-03-01 11:29,81600
2016-03-01 11:29,81600
2016-03-01 11:29,81600
2016-03-01 11:29,81700
2016-03-01 11:29,81700
2016-03-01 11:29,81800
2016-03-01 11:29,81800
2016-03-01 11:29,81800
2016-03-01 11:29,81800
2016-03-01 11:29,81800
2016-03-01 11:29,81800
2016-03-01 11:29,81800
2016-03-01 11:29,81800
2016-03-01 11:29,81800
2016-03-01 11:29,81800
2016-03-01 11:29,81800
2016-03-01 11:29,81800
2016-03-01 11:29,81800
2016-03-01 11:29,81800
2016-03-01 11:29,81800
2016-03-01 11:29,81800
2016-03-01 11:29,81800
2016-03-01 11:29,81800
2016-03-01 11:29,81800
2016-03-01 11:29,81800
2016-03-01 11:29,81900
2016-03-01 11:29,81900
2016-03-01 11:29,82000
2016-03-01 11:29,82000
2016-03-01 11:29,82100
2016-03-01 11:29,82100
2016-03-01 11:29,82100
2016-03-01 11:29,82100
2016-03-01 11:29,82100
2016-03-01 11:29,82100
2016-03-01 11:29,82100
2016-03-01 11:29,82200
2016-03-01 11:29,82200
2016-03-01 11:29,82200
2016-03-01 11:29,82300
2016-03-01 11:29,82400
2016-03-01 11:29,82400
2016-03-01 11:29,82500
2016-03-01 11:29,82500
2016-03-01 11:29,82600
2016-03-01 11:29,82700
2016-03-01 11:29,82800
2016-03-01 11:29,82800
2016-03-01 11:29,82900
2016-03-01 11:29,83000
2016-03-01 11:29,83000
2016-03-01 11:29,83000
2016-03-01 11:29,83000
2016-03-01 11:29,83100
2016-03-01 11:30,83100
2016-04-01 11:29,83700
2016-04-01 11:29,83700
2016-04-01 11:29,83700
2016-04-01 11:29,83700
2016-04-01 11:29,83700
2016-04-01 11:29,83700
2016-04-01 11:29,83700
2016-04-01 11:29,83700
2016-04-01 11:29,83700
2016-04-01 11:29,83700
2016-04-01 11:29,83700
2016-04-01 11:29,83700
2016-04-01 11:29,83700
2016-04-01 11:29,83700
2016-04-01 11:29,83800
2016-04-01 11:29,83800
2016-04-01 11:29,83800
2016-04-01 11:29,83900
2016-04-01 11:29,83900
2016-04-01 11:29,83900
2016-04-01 11:29,83900
2016-04-01 11:29,84000
2016-04-01 11:29,84000
2016-04-01 11:29,84000
2016-04-01 11:29,84000
2016-04-01 11:29,84000
2016-04-01 11:29,84000
2016-04-01 11:29,84000
2016-04-01 11:29,84000
2016-04-01 11:29,84000
2016-04-01 11:29,84000
2016-04-01 11:29,84000
2016-04-01 11:29,84000
2016-04-01 11:29,84000
2016-04-01 11:29,84000
2016-04-01 11:29,84000
2016-04-01 11:29,84000
2016-04-01 11:29,84000
2016-04-01 11:29,84000
2016-04-01 11:29,84100
2016-04-01 11:29,84100
2016-04-01 11:29,84200
2016-04-01 11:29,84200
2016-04-01 11:29,84300
2016-04-01 11:29,84300
2016-04-01 11:29,84300
2016-04-01 11:29,84300
2016-04-01 11:29,84400
2016-04-01 11:29,84400
2016-04-01 11:29,84400
2016-04-01 11:29,84500
2016-04-01 11:29,84500
2016-04-01 11:29,84500
2016-04-01 11:29,84600
2016-04-01 11:29,84600
2016-04-01 11:29,84700
2016-04-01 11:29,84800
2016-04-01 11:29,84800
2016-04-01 11:29,84900
2016-04-01 11:29,85000
2016-04-01 11:30,85100
2016-05-01 11:29,83700
2016-05-01 11:29,83700
2016-05-01 11:29,83700
2016-05-01 11:29,83700
2016-05-01 11:29,83700
2016-05-01 11:29,83700
2016-05-01 11:29,83700
2016-05-01 11:29,83700
2016-05-01 11:29,83700
2016-05-01 11:29,83700
2016-05-01 11:29,83700
2016-05-01 11:29,83700
2016-05-01 11:29,83700
2016-05-01 11:29,83700
2016-05-01 11:29,83700
2016-05-01 11:29,83700
2016-05-01 11:29,83700
2016-05-01 11:29,83800
2016-05-01 11:29,83800
2016-05-01 11:29,83800
2016-05-01 11:29,83800
2016-05-01 11:29,83800
2016-05-01 11:29,83900
2016-05-01 11:29,83900
2016-05-01 11:29,83900
2016-05-01 11:29,84000
2016-05-01 11:29,84000
2016-05-01 11:29,84000
2016-05-01 11:29,84000
2016-05-01 11:29,84000
2016-05-01 11:29,84000
2016-05-01 11:29,84000
2016-05-01 11:29,84000
2016-05-01 11:29,84000
2016-05-01 11:29,84000
2016-05-01 11:29,84000
2016-05-01 11:29,84000
2016-05-01 11:29,84000
2016-05-01 11:29,84000
2016-05-01 11:29,84000
2016-05-01 11:29,84000
2016-05-01 11:29,84000
2016-05-01 11:29,84000
2016-05-01 11:29,84000
2016-05-01 11:29,84100
2016-05-01 11:29,84100
2016-05-01 11:29,84200
2016-05-01 11:29,84300
2016-05-01 11:29,84300
2016-05-01 11:29,84300
2016-05-01 11:29,84400
2016-05-01 11:29,84400
2016-05-01 11:29,84400
2016-05-01 11:29,84500
2016-05-01 11:29,84500
2016-05-01 11:29,84600
2016-05-01 11:29,84700
2016-05-01 11:29,84800
2016-05-01 11:29,84900
2016-05-01 11:29,84900
2016-05-01 11:30,85000
2016-06-01 11:29,83500
2016-06-01 11:29,83500
2016-06-01 11:29,83500
2016-06-01 11:29,83500
2016-06-01 11:29,83500
2016-06-01 11:29,83500
2016-06-01 11:29,83600
2016-06-01 11:29,83600
2016-06-01 11:29,83600
2016-06-01 11:29,83700
2016-06-01 11:29,83700
2016-06-01 11:29,83700
2016-06-01 11:29,83700
2016-06-01 11:29,83700
2016-06-01 11:29,83700
2016-06-01 11:29,83700
2016-06-01 11:29,83700
2016-06-01 11:29,83700
2016-06-01 11:29,83700
2016-06-01 11:29,83700
2016-06-01 11:29,83700
2016-06-01 11:29,83800
2016-06-01 11:29,83800
2016-06-01 11:29,83800
2016-06-01 11:29,83800
2016-06-01 11:29,83800
2016-06-01 11:29,83800
2016-06-01 11:29,83800
2016-06-01 11:29,83800
2016-06-01 11:29,83800
2016-06-01 11:29,83800
2016-06-01 11:29,83800
2016-06-01 11:29,83800
2016-06-01 11:29,83800
2016-06-01 11:29,83900
2016-06-01 11:29,83900
2016-06-01 11:29,84000
2016-06-01 11:29,84000
2016-06-01 11:29,84000
2016-06-01 11:29,84000
2016-06-01 11:29,84000
2016-06-01 11:29,84000
2016-06-01 11:29,84000
2016-06-01 11:29,84100
2016-06-01 11:29,84100
2016-06-01 11:29,84100
2016-06-01 11:29,84100
2016-06-01 11:29,84100
2016-06-01 11:29,84100
2016-06-01 11:29,84100
2016-06-01 11:29,84100
2016-06-01 11:29,84100
2016-06-01 11:29,84100
2016-06-01 11:29,84200
2016-06-01 11:29,84200
2016-06-01 11:29,84200
2016-06-01 11:29,84300
2016-06-01 11:29,84300
2016-06-01 11:29,84300
2016-06-01 11:29,84300
2016-06-01 11:30,84400
2016-07-01 11:29,85400
2016-07-01 11:29,85400
2016-07-01 11:29,85400
2016-07-01 11:29,85400
2016-07-01 11:29,85400
2016-07-01 11:29,85400
2016-07-01 11:29,85400
2016-07-01 11:29,85400
2016-07-01 11:29,85400
2016-07-01 11:29,85500
2016-07-01 11:29,85500
2016-07-01 11:29,85600
2016-07-01 11:29,85700
2016-07-01 11:29,85700
2016-07-01 11:29,85700
2016-07-01 11:29,85700
2016-07-01 11:29,85700
2016-07-01 11:29,85700
2016-07-01 11:29,85700
2016-07-01 11:29,85700
2016-07-01 11:29,85700
2016-07-01 11:29,85700
2016-07-01 11:29,85700
2016-07-01 11:29,85700
2016-07-01 11:29,85700
2016-07-01 11:29,85700
2016-07-01 11:29,85700
2016-07-01 11:29,85700
2016-07-01 11:29,85700
2016-07-01 11:29,85700
2016-07-01 11:29,85700
2016-07-01 11:29,85700
2016-07-01 11:29,85800
2016-07-01 11:29,85800
2016-07-01 11:29,85800
2016-07-01 11:29,85900
2016-07-01 11:29,85900
2016-07-01 11:29,86000
2016-07-01 11:29,86000
2016-07-01 11:29,86000
2016-07-01 11:29,86100
2016-07-01 11:29,86100
2016-07-01 11:29,86200
2016-07-01 11:29,86300
2016-07-01 11:29,86300
2016-07-01 11:29,86300
2016-07-01 11:29,86400
2016-07-01 11:29,86500
2016-07-01 11:29,86500
2016-07-01 11:29,86600
2016-07-01 11:29,86600
2016-07-01 11:29,86600
2016-07-01 11:29,86700
2016-07-01 11:29,86800
2016-07-01 11:29,86900
2016-07-01 11:29,86900
2016-07-01 11:29,87000
2016-07-01 11:29,87100
2016-07-01 11:29,87100
2016-07-01 11:29,87200
2016-07-01 11:30,87200
2016-08-01 11:29,85400
2016-08-01 11:29,85400
2016-08-01 11:29,85400
2016-08-01 11:29,85400
2016-08-01 11:29,85400
2016-08-01 11:29,85400
2016-08-01 11:29,85400
2016-08-01 11:29,85400
2016-08-01 11:29,85400
2016-08-01 11:29,85400
2016-08-01 11:29,85400
2016-08-01 11:29,85400
2016-08-01 11:29,85400
2016-08-01 11:29,85400
2016-08-01 11:29,85400
2016-08-01 11:29,85500
2016-08-01 11:29,85500
2016-08-01 11:29,85600
2016-08-01 11:29,85600
2016-08-01 11:29,85700
2016-08-01 11:29,85700
2016-08-01 11:29,85700
2016-08-01 11:29,85700
2016-08-01 11:29,85700
2016-08-01 11:29,85700
2016-08-01 11:29,85700
2016-08-01 11:29,85700
2016-08-01 11:29,85700
2016-08-01 11:29,85700
2016-08-01 11:29,85700
2016-08-01 11:29,85700
2016-08-01 11:29,85700
2016-08-01 11:29,85700
2016-08-01 11:29,85700
2016-08-01 11:29,85700
2016-08-01 11:29,85700
2016-08-01 11:29,85700
2016-08-01 11:29,85700
2016-08-01 11:29,85700
2016-08-01 11:29,85700
2016-08-01 11:29,85700
2016-08-01 11:29,85800
2016-08-01 11:29,85800
2016-08-01 11:29,85900
2016-08-01 11:29,86000
2016-08-01 11:29,86000
2016-08-01 11:29,86100
2016-08-01 11:29,86200
2016-08-01 11:29,86200
2016-08-01 11:29,86200
2016-08-01 11:29,86300
2016-08-01 11:29,86300
2016-08-01 11:29,86300
2016-08-01 11:29,86300
2016-08-01 11:29,86400
2016-08-01 11:29,86400
2016-08-01 11:29,86500
2016-08-01 11:29,86600
2016-08-01 11:29,86700
2016-08-01 11:29,86800
2016-08-01 11:30,86900
2016-09-01 11:29,85100
2016-09-01 11:29,85100
2016-09-01 11:29,85100
2016-09-01 11:29,85100
2016-09-01 11:29,85100
2016-09-01 11:29,85100
2016-09-01 11:29,85200
2016-09-01 11:29,85200
2016-09-01 11:29,85200
2016-09-01 11:29,85300
2016-09-01 11:29,85300
2016-09-01 11:29,85400
2016-09-01 11:29,85400
2016-09-01 11:29,85400
2016-09-01 11:29,85400
2016-09-01 11:29,85400
2016-09-01 11:29,85400
2016-09-01 11:29,85400
2016-09-01 11:29,85400
2016-09-01 11:29,85400
2016-09-01 11:29,85400
2016-09-01 11:29,85400
2016-09-01 11:29,85400
2016-09-01 11:29,85400
2016-09-01 11:29,85400
2016-09-01 11:29,85400
2016-09-01 11:29,85400
2016-09-01 11:29,85400
2016-09-01 11:29,85400
2016-09-01 11:29,85400
2016-09-01 11:29,85400
2016-09-01 11:29,85400
2016-09-01 11:29,85400
2016-09-01 11:29,85400
2016-09-01 11:29,85400
2016-09-01 11:29,85400
2016-09-01 11:29,85400
2016-09-01 11:29,85400
2016-09-01 11:29,85400
2016-09-01 11:29,85400
2016-09-01 11:29,85400
2016-09-01 11:29,85400
2016-09-01 11:29,85400
2016-09-01 11:29,85400
2016-09-01 11:29,85500
2016-09-01 11:29,85600
2016-09-01 11:29,85700
2016-09-01 11:29,85700
2016-09-01 11:29,85900
2016-09-01 11:29,85900
2016-09-01 11:29,85900
2016-09-01 11:29,85900
2016-09-01 11:29,86000
2016-09-01 11:29,86000
2016-09-01 11:29,86000
2016-09-01 11:29,86000
2016-09-01 11:29,86100
2016-09-01 11:29,86200
2016-09-01 11:29,86200
2016-09-01 11:29,86300
2016-09-01 11:30,86500
2016-10-01 11:29,87200
2016-10-01 11:29,87200
2016-10-01 11:29,87200
2016-10-01 11:29,87200
2016-10-01 11:29,87200
2016-10-01 11:29,87200
2016-10-01 11:29,87200
2016-10-01 11:29,87200
2016-10-01 11:29,87300
2016-10-01 11:29,87300
2016-10-01 11:29,87300
2016-10-01 11:29,87400
2016-10-01 11:29,87400
2016-10-01 11:29,87400
2016-10-01 11:29,87400
2016-10-01 11:29,87400
2016-10-01 11:29,87400
2016-10-01 11:29,87400
2016-10-01 11:29,87400
2016-10-01 11:29,87400
2016-10-01 11:29,87400
2016-10-01 11:29,87400
2016-10-01 11:29,87400
2016-10-01 11:29,87400
2016-10-01 11:29,87400
2016-10-01 11:29,87400
2016-10-01 11:29,87400
2016-10-01 11:29,87400
2016-10-01 11:29,87400
2016-10-01 11:29,87400
2016-10-01 11:29,87400
2016-10-01 11:29,87400
2016-10-01 11:29,87400
2016-10-01 11:29,87400
2016-10-01 11:29,87400
2016-10-01 11:29,87500
2016-10-01 11:29,87500
2016-10-01 11:29,87500
2016-10-01 11:29,87500
2016-10-01 11:29,87500
2016-10-01 11:29,87500
2016-10-01 11:29,87500
2016-10-01 11:29,87500
2016-10-01 11:29,87600
2016-10-01 11:29,87700
2016-10-01 11:29,87700
2016-10-01 11:29,87900
2016-10-01 11:29,87900
2016-10-01 11:29,88000
2016-10-01 11:29,88000
2016-10-01 11:29,88000
2016-10-01 11:29,88000
2016-10-01 11:29,88000
2016-10-01 11:29,88000
2016-10-01 11:29,88000
2016-10-01 11:29,88100
2016-10-01 11:29,88100
2016-10-01 11:29,88100
2016-10-01 11:29,88100
2016-10-01 11:29,88200
2016-10-01 11:30,88300
2016-11-01 11:29,87300
2016-11-01 11:29,87400
2016-11-01 11:29,87400
2016-11-01 11:29,87400
2016-11-01 11:29,87400
2016-11-01 11:29,87400
2016-11-01 11:29,87400
2016-11-01 11:29,87400
2016-11-01 11:29,87400
2016-11-01 11:29,87400
2016-11-01 11:29,87400
2016-11-01 11:29,87400
2016-11-01 11:29,87400
2016-11-01 11:29,87400
2016-11-01 11:29,87400
2016-11-01 11:29,87400
2016-11-01 11:29,87400
2016-11-01 11:29,87400
2016-11-01 11:29,87400
2016-11-01 11:29,87400
2016-11-01 11:29,87400
2016-11-01 11:29,87400
2016-11-01 11:29,87400
2016-11-01 11:29,87400
2016-11-01 11:29,87400
2016-11-01 11:29,87400
2016-11-01 11:29,87400
2016-11-01 11:29,87400
2016-11-01 11:29,87400
2016-11-01 11:29,87400
2016-11-01 11:29,87500
2016-11-01 11:29,87500
2016-11-01 11:29,87500
2016-11-01 11:29,87500
2016-11-01 11:29,87500
2016-11-01 11:29,87600
2016-11-01 11:29,87600
2016-11-01 11:29,87600
2016-11-01 11:29,87600
2016-11-01 11:29,87700
2016-11-01 11:29,87700
2016-11-01 11:29,87700
2016-11-01 11:29,87700
2016-11-01 11:29,87700
2016-11-01 11:29,87700
2016-11-01 11:29,87700
2016-11-01 11:29,87700
2016-11-01 11:29,87700
2016-11-01 11:29,87800
2016-11-01 11:29,87800
2016-11-01 11:29,88000
2016-11-01 11:29,88000
2016-11-01 11:29,88100
2016-11-01 11:29,88100
2016-11-01 11:29,88200
2016-11-01 11:29,88300
2016-11-01 11:29,88400
2016-11-01 11:29,88500
2016-11-01 11:29,88500
2016-11-01 11:29,88600
2016-11-01 11:30,88600
2016-12-01 11:29,87100
2016-12-01 11:29,87100
2016-12-01 11:29,87100
2016-12-01 11:29,87100
2016-12-01 11:29,87100
2016-12-01 11:29,87100
2016-12-01 11:29,87100
2016-12-01 11:29,87100
2016-12-01 11:29,87200
2016-12-01 11:29,87200
2016-12-01 11:29,87300
2016-12-01 11:29,87300
2016-12-01 11:29,87400
2016-12-01 11:29,87400
2016-12-01 11:29,87400
2016-12-01 11:29,87400
2016-12-01 11:29,87400
2016-12-01 11:29,87400
2016-12-01 11:29,87400
2016-12-01 11:29,87400
2016-12-01 11:29,87400
2016-12-01 11:29,87400
2016-12-01 11:29,87400
2016-12-01 11:29,87400
2016-12-01 11:29,87400
2016-12-01 11:29,87400
2016-12-01 11:29,87400
2016-12-01 11:29,87400
2016-12-01 11:29,87400
2016-12-01 11:29,87400
2016-12-01 11:29,87400
2016-12-01 11:29,87400
2016-12-01 11:29,87400
2016-12-01 11:29,87400
2016-12-01 11:29,87400
2016-12-01 11:29,87400
2016-12-01 11:29,87400
2016-12-01 11:29,87400
2016-12-01 11:29,87400
2016-12-01 11:29,87400
2016-12-01 11:29,87400
2016-12-01 11:29,87400
2016-12-01 11:29,87400
2016-12-01 11:29,87400
2016-12-01 11:29,87500
2016-12-01 11:29,87600
2016-12-01 11:29,87700
2016-12-01 11:29,87700
2016-12-01 11:29,87800
2016-12-01 11:29,87800
2016-12-01 11:29,87900
2016-12-01 11:29,87900
2016-12-01 11:29,87900
2016-12-01 11:29,87900
2016-12-01 11:29,88000
2016-12-01 11:29,88000
2016-12-01 11:29,88000
2016-12-01 11:29,88100
2016-12-01 11:29,88100
2016-12-01 11:29,88200
2016-12-01 11:30,88300
2017-01-01 11:29,86300
2017-01-01 11:29,86300
2017-01-01 11:29,86300
2017-01-01 11:29,86300
2017-01-01 11:29,86300
2017-01-01 11:29,86300
2017-01-01 11:29,86400
2017-01-01 11:29,86400
2017-01-01 11:29,86400
2017-01-01 11:29,86500
2017-01-01 11:29,86500
2017-01-01 11:29,86600
2017-01-01 11:29,86600
2017-01-01 11:29,86600
2017-01-01 11:29,86600
2017-01-01 11:29,86600
2017-01-01 11:29,86600
2017-01-01 11:29,86600
2017-01-01 11:29,86600
2017-01-01 11:29,86600
2017-01-01 11:29,86600
2017-01-01 11:29,86600
2017-01-01 11:29,86600
2017-01-01 11:29,86600
2017-01-01 11:29,86600
2017-01-01 11:29,86600
2017-01-01 11:29,86600
2017-01-01 11:29,86600
2017-01-01 11:29,86600
2017-01-01 11:29,86600
2017-01-01 11:29,86600
2017-01-01 11:29,86600
2017-01-01 11:29,86600
2017-01-01 11:29,86600
2017-01-01 11:29,86600
2017-01-01 11:29,86600
2017-01-01 11:29,86600
2017-01-01 11:29,86600
2017-01-01 11:29,86600
2017-01-01 11:29,86600
2017-01-01 11:29,86600
2017-01-01 11:29,86600
2017-01-01 11:29,86700
2017-01-01 11:29,86800
2017-01-01 11:29,86900
2017-01-01 11:29,86900
2017-01-01 11:29,86900
2017-01-01 11:29,87000
2017-01-01 11:29,87000
2017-01-01 11:29,87000
2017-01-01 11:29,87100
2017-01-01 11:29,87100
2017-01-01 11:29,87100
2017-01-01 11:29,87100
2017-01-01 11:29,87100
2017-01-01 11:29,87200
2017-01-01 11:29,87200
2017-01-01 11:29,87300
2017-01-01 11:29,87400
2017-01-01 11:29,87500
2017-01-01 11:30,87600
2017-02-01 11:29,86600
2017-02-01 11:29,86600
2017-02-01 11:29,86600
2017-02-01 11:29,86600
2017-02-01 11:29,86600
2017-02-01 11:29,86600
2017-02-01 11:29,86600
2017-02-01 11:29,86600
2017-02-01 11:29,86600
2017-02-01 11:29,86700
2017-02-01 11:29,86700
2017-02-01 11:29,86700
2017-02-01 11:29,86800
2017-02-01 11:29,86800
2017-02-01 11:29,86800
2017-02-01 11:29,86900
2017-02-01 11:29,86900
2017-02-01 11:29,86900
2017-02-01 11:29,86900
2017-02-01 11:29,86900
2017-02-01 11:29,86900
2017-02-01 11:29,86900
2017-02-01 11:29,86900
2017-02-01 11:29,86900
2017-02-01 11:29,86900
2017-02-01 11:29,86900
2017-02-01 11:29,86900
2017-02-01 11:29,86900
2017-02-01 11:29,86900
2017-02-01 11:29,86900
2017-02-01 11:29,86900
2017-02-01 11:29,86900
2017-02-01 11:29,86900
2017-02-01 11:29,86900
2017-02-01 11:29,86900
2017-02-01 11:29,86900
2017-02-01 11:29,86900
2017-02-01 11:29,86900
2017-02-01 11:29,87000
2017-02-01 11:29,87000
2017-02-01 11:29,87000
2017-02-01 11:29,87100
2017-02-01 11:29,87200
2017-02-01 11:29,87200
2017-02-01 11:29,87200
2017-02-01 11:29,87300
2017-02-01 11:29,87400
2017-02-01 11:29,87400
2017-02-01 11:29,87500
2017-02-01 11:29,87500
2017-02-01 11:29,87500
2017-02-01 11:29,87600
2017-02-01 11:29,87600
2017-02-01 11:29,87700
2017-02-01 11:29,87800
2017-02-01 11:29,87900
2017-02-01 11:29,88000
2017-02-01 11:29,88100
2017-02-01 11:29,88100
2017-02-01 11:29,88200
2017-02-01 11:30,88200
2017-03-01 11:29,86600
2017-03-01 11:29,86600
2017-03-01 11:29,86600
2017-03-01 11:29,86600
2017-03-01 11:29,86600
2017-03-01 11:29,86600
2017-03-01 11:29,86600
2017-03-01 11:29,86600
2017-03-01 11:29,86600
2017-03-01 11:29,86600
2017-03-01 11:29,86600
2017-03-01 11:29,86600
2017-03-01 11:29,86600
2017-03-01 11:29,86600
2017-03-01 11:29,86600
2017-03-01 11:29,86600
2017-03-01 11:29,86600
2017-03-01 11:29,86600
2017-03-01 11:29,86700
2017-03-01 11:29,86700
2017-03-01 11:29,86700
2017-03-01 11:29,86800
2017-03-01 11:29,86800
2017-03-01 11:29,86800
2017-03-01 11:29,86900
2017-03-01 11:29,86900
2017-03-01 11:29,86900
2017-03-01 11:29,86900
2017-03-01 11:29,86900
2017-03-01 11:29,86900
2017-03-01 11:29,86900
2017-03-01 11:29,86900
2017-03-01 11:29,86900
2017-03-01 11:29,86900
2017-03-01 11:29,86900
2017-03-01 11:29,86900
2017-03-01 11:29,86900
2017-03-01 11:29,86900
2017-03-01 11:29,86900
2017-03-01 11:29,86900
2017-03-01 11:29,86900
2017-03-01 11:29,86900
2017-03-01 11:29,86900
2017-03-01 11:29,86900
2017-03-01 11:29,86900
2017-03-01 11:29,86900
2017-03-01 11:29,86900
2017-03-01 11:29,86900
2017-03-01 11:29,86900
2017-03-01 11:29,87000
2017-03-01 11:29,87100
2017-03-01 11:29,87200
2017-03-01 11:29,87200
2017-03-01 11:29,87300
2017-03-01 11:29,87400
2017-03-01 11:29,87500
2017-03-01 11:29,87600
2017-03-01 11:29,87700
2017-03-01 11:29,87700
2017-03-01 11:29,87800
2017-03-01 11:30,87800
2017-04-01 11:29,88500
2017-04-01 11:29,88500
2017-04-01 11:29,88500
2017-04-01 11:29,88500
2017-04-01 11:29,88500
2017-04-01 11:29,88500
2017-04-01 11:29,88500
2017-04-01 11:29,88500
2017-04-01 11:29,88500
2017-04-01 11:29,88500
2017-04-01 11:29,88500
2017-04-01 11:29,88500
2017-04-01 11:29,88500
2017-04-01 11:29,88500
2017-04-01 11:29,88500
2017-04-01 11:29,88500
2017-04-01 11:29,88500
2017-04-01 11:29,88500
2017-04-01 11:29,88600
2017-04-01 11:29,88600
2017-04-01 11:29,88600
2017-04-01 11:29,88600
2017-04-01 11:29,88600
2017-04-01 11:29,88700
2017-04-01 11:29,88700
2017-04-01 11:29,88700
2017-04-01 11:29,88800
2017-04-01 11:29,88800
2017-04-01 11:29,88800
2017-04-01 11:29,88800
2017-04-01 11:29,88800
2017-04-01 11:29,88800
2017-04-01 11:29,88800
2017-04-01 11:29,88800
2017-04-01 11:29,88800
2017-04-01 11:29,88800
2017-04-01 11:29,88800
2017-04-01 11:29,88800
2017-04-01 11:29,88800
2017-04-01 11:29,88800
2017-04-01 11:29,88800
2017-04-01 11:29,88800
2017-04-01 11:29,88900
2017-04-01 11:29,88900
2017-04-01 11:29,89000
2017-04-01 11:29,89100
2017-04-01 11:29,89100
2017-04-01 11:29,89100
2017-04-01 11:29,89200
2017-04-01 11:29,89200
2017-04-01 11:29,89200
2017-04-01 11:29,89200
2017-04-01 11:29,89200
2017-04-01 11:29,89300
2017-04-01 11:29,89300
2017-04-01 11:29,89400
2017-04-01 11:29,89400
2017-04-01 11:29,89500
2017-04-01 11:29,89500
2017-04-01 11:29,89600
2017-04-01 11:30,89800
2017-05-01 11:29,88500
2017-05-01 11:29,88500
2017-05-01 11:29,88500
2017-05-01 11:29,88500
2017-05-01 11:29,88500
2017-05-01 11:29,88500
2017-05-01 11:29,88500
2017-05-01 11:29,88500
2017-05-01 11:29,88600
2017-05-01 11:29,88600
2017-05-01 11:29,88600
2017-05-01 11:29,88600
2017-05-01 11:29,88600
2017-05-01 11:29,88700
2017-05-01 11:29,88700
2017-05-01 11:29,88800
2017-05-01 11:29,88800
2017-05-01 11:29,88800
2017-05-01 11:29,88800
2017-05-01 11:29,88800
2017-05-01 11:29,88800
2017-05-01 11:29,88800
2017-05-01 11:29,88800
2017-05-01 11:29,88800
2017-05-01 11:29,88800
2017-05-01 11:29,88800
2017-05-01 11:29,88800
2017-05-01 11:29,88800
2017-05-01 11:29,88800
2017-05-01 11:29,88800
2017-05-01 11:29,88800
2017-05-01 11:29,88800
2017-05-01 11:29,88800
2017-05-01 11:29,88800
2017-05-01 11:29,88900
2017-05-01 11:29,88900
2017-05-01 11:29,88900
2017-05-01 11:29,89000
2017-05-01 11:29,89100
2017-05-01 11:29,89100
2017-05-01 11:29,89100
2017-05-01 11:29,89100
2017-05-01 11:29,89100
2017-05-01 11:29,89100
2017-05-01 11:29,89200
2017-05-01 11:29,89200
2017-05-01 11:29,89300
2017-05-01 11:29,89300
2017-05-01 11:29,89400
2017-05-01 11:29,89400
2017-05-01 11:29,89500
2017-05-01 11:29,89500
2017-05-01 11:29,89600
2017-05-01 11:29,89600
2017-05-01 11:29,89700
2017-05-01 11:29,89800
2017-05-01 11:29,89900
2017-05-01 11:29,90000
2017-05-01 11:29,90100
2017-05-01 11:29,90100
2017-05-01 11:30,90100
2017-06-01 11:29,88400
2017-06-01 11:29,88500
2017-06-01 11:29,88500
2017-06-01 11:29,88500
2017-06-01 11:29,88500
2017-06-01 11:29,88500
2017-06-01 11:29,88500
2017-06-01 11:29,88500
2017-06-01 11:29,88500
2017-06-01 11:29,88500
2017-06-01 11:29,88500
2017-06-01 11:29,88500
2017-06-01 11:29,88500
2017-06-01 11:29,88500
2017-06-01 11:29,88500
2017-06-01 11:29,88500
2017-06-01 11:29,88500
2017-06-01 11:29,88500
2017-06-01 11:29,88500
2017-06-01 11:29,88600
2017-06-01 11:29,88600
2017-06-01 11:29,88600
2017-06-01 11:29,88600
2017-06-01 11:29,88600
2017-06-01 11:29,88600
2017-06-01 11:29,88700
2017-06-01 11:29,88700
2017-06-01 11:29,88700
2017-06-01 11:29,88700
2017-06-01 11:29,88700
2017-06-01 11:29,88800
2017-06-01 11:29,88800
2017-06-01 11:29,88800
2017-06-01 11:29,88800
2017-06-01 11:29,88800
2017-06-01 11:29,88800
2017-06-01 11:29,88800
2017-06-01 11:29,88800
2017-06-01 11:29,88800
2017-06-01 11:29,88800
2017-06-01 11:29,88800
2017-06-01 11:29,88900
2017-06-01 11:29,88900
2017-06-01 11:29,89000
2017-06-01 11:29,89000
2017-06-01 11:29,89100
2017-06-01 11:29,89100
2017-06-01 11:29,89100
2017-06-01 11:29,89100
2017-06-01 11:29,89100
2017-06-01 11:29,89100
2017-06-01 11:29,89100
2017-06-01 11:29,89100
2017-06-01 11:29,89200
2017-06-01 11:29,89200
2017-06-01 11:29,89200
2017-06-01 11:29,89200
2017-06-01 11:29,89300
2017-06-01 11:29,89300
2017-06-01 11:29,89300
2017-06-01 11:30,89400
